true_label,predicted,true_label_decoded,predicted_decoded
12,2,Shade,Benign
8,11,Pysa,Scar
11,2,Scar,Benign
1,2,Ako,Benign
5,2,Emotet,Benign
14,10,Transponder,Refroso
1,2,Ako,Benign
11,2,Scar,Benign
14,9,Transponder,Reconyc
10,2,Refroso,Benign
14,10,Transponder,Refroso
5,2,Emotet,Benign
6,2,Gator,Benign
3,10,CWS,Refroso
12,2,Shade,Benign
11,2,Scar,Benign
1,2,Ako,Benign
15,2,Zeus,Benign
5,2,Emotet,Benign
14,10,Transponder,Refroso
14,2,Transponder,Benign
10,2,Refroso,Benign
6,9,Gator,Reconyc
13,2,TIBS,Benign
14,9,Transponder,Reconyc
11,2,Scar,Benign
1,2,Ako,Benign
4,2,Conti,Benign
7,2,Maze,Benign
5,2,Emotet,Benign
10,2,Refroso,Benign
8,3,Pysa,CWS
8,2,Pysa,Benign
10,2,Refroso,Benign
11,2,Scar,Benign
12,2,Shade,Benign
0,10,180solutions,Refroso
12,2,Shade,Benign
14,10,Transponder,Refroso
14,2,Transponder,Benign
7,2,Maze,Benign
11,2,Scar,Benign
12,2,Shade,Benign
3,10,CWS,Refroso
14,2,Transponder,Benign
10,2,Refroso,Benign
1,2,Ako,Benign
13,2,TIBS,Benign
10,2,Refroso,Benign
15,2,Zeus,Benign
9,2,Reconyc,Benign
14,2,Transponder,Benign
14,2,Transponder,Benign
11,2,Scar,Benign
12,2,Shade,Benign
10,2,Refroso,Benign
14,10,Transponder,Refroso
6,2,Gator,Benign
7,2,Maze,Benign
1,2,Ako,Benign
7,2,Maze,Benign
0,2,180solutions,Benign
14,2,Transponder,Benign
13,2,TIBS,Benign
7,2,Maze,Benign
0,2,180solutions,Benign
7,2,Maze,Benign
12,2,Shade,Benign
12,2,Shade,Benign
1,3,Ako,CWS
8,2,Pysa,Benign
10,2,Refroso,Benign
0,2,180solutions,Benign
6,2,Gator,Benign
12,2,Shade,Benign
0,2,180solutions,Benign
14,2,Transponder,Benign
9,2,Reconyc,Benign
14,10,Transponder,Refroso
4,2,Conti,Benign
0,2,180solutions,Benign
14,2,Transponder,Benign
4,2,Conti,Benign
14,2,Transponder,Benign
5,2,Emotet,Benign
10,2,Refroso,Benign
11,2,Scar,Benign
1,2,Ako,Benign
9,2,Reconyc,Benign
9,2,Reconyc,Benign
8,2,Pysa,Benign
7,2,Maze,Benign
11,2,Scar,Benign
5,2,Emotet,Benign
11,2,Scar,Benign
6,2,Gator,Benign
3,2,CWS,Benign
15,2,Zeus,Benign
11,2,Scar,Benign
0,2,180solutions,Benign
15,2,Zeus,Benign
14,2,Transponder,Benign
5,2,Emotet,Benign
4,2,Conti,Benign
15,2,Zeus,Benign
9,2,Reconyc,Benign
8,2,Pysa,Benign
0,2,180solutions,Benign
10,2,Refroso,Benign
10,2,Refroso,Benign
5,2,Emotet,Benign
15,2,Zeus,Benign
7,2,Maze,Benign
4,9,Conti,Reconyc
12,2,Shade,Benign
8,10,Pysa,Refroso
5,2,Emotet,Benign
4,2,Conti,Benign
0,2,180solutions,Benign
8,2,Pysa,Benign
1,10,Ako,Refroso
9,2,Reconyc,Benign
13,2,TIBS,Benign
3,10,CWS,Refroso
7,2,Maze,Benign
14,2,Transponder,Benign
11,2,Scar,Benign
3,10,CWS,Refroso
13,9,TIBS,Reconyc
7,2,Maze,Benign
5,2,Emotet,Benign
15,2,Zeus,Benign
5,2,Emotet,Benign
6,2,Gator,Benign
5,2,Emotet,Benign
9,2,Reconyc,Benign
15,2,Zeus,Benign
11,2,Scar,Benign
13,11,TIBS,Scar
9,2,Reconyc,Benign
6,2,Gator,Benign
4,9,Conti,Reconyc
5,9,Emotet,Reconyc
5,2,Emotet,Benign
13,11,TIBS,Scar
5,2,Emotet,Benign
5,2,Emotet,Benign
14,2,Transponder,Benign
5,2,Emotet,Benign
5,2,Emotet,Benign
11,2,Scar,Benign
10,2,Refroso,Benign
1,2,Ako,Benign
6,2,Gator,Benign
13,2,TIBS,Benign
7,2,Maze,Benign
4,2,Conti,Benign
15,2,Zeus,Benign
4,2,Conti,Benign
3,2,CWS,Benign
1,2,Ako,Benign
15,9,Zeus,Reconyc
0,2,180solutions,Benign
5,2,Emotet,Benign
13,11,TIBS,Scar
5,2,Emotet,Benign
1,2,Ako,Benign
14,2,Transponder,Benign
11,2,Scar,Benign
0,10,180solutions,Refroso
11,2,Scar,Benign
6,2,Gator,Benign
13,2,TIBS,Benign
14,2,Transponder,Benign
6,2,Gator,Benign
3,2,CWS,Benign
9,2,Reconyc,Benign
15,2,Zeus,Benign
13,2,TIBS,Benign
7,2,Maze,Benign
5,2,Emotet,Benign
7,2,Maze,Benign
11,2,Scar,Benign
1,10,Ako,Refroso
7,9,Maze,Reconyc
3,2,CWS,Benign
1,2,Ako,Benign
15,2,Zeus,Benign
9,2,Reconyc,Benign
0,2,180solutions,Benign
1,3,Ako,CWS
4,2,Conti,Benign
9,2,Reconyc,Benign
12,2,Shade,Benign
7,2,Maze,Benign
6,2,Gator,Benign
0,2,180solutions,Benign
14,2,Transponder,Benign
3,2,CWS,Benign
10,2,Refroso,Benign
13,11,TIBS,Scar
14,2,Transponder,Benign
10,9,Refroso,Reconyc
14,2,Transponder,Benign
12,2,Shade,Benign
0,2,180solutions,Benign
13,10,TIBS,Refroso
14,2,Transponder,Benign
13,11,TIBS,Scar
15,2,Zeus,Benign
0,2,180solutions,Benign
6,2,Gator,Benign
8,2,Pysa,Benign
7,2,Maze,Benign
10,2,Refroso,Benign
15,2,Zeus,Benign
14,2,Transponder,Benign
3,2,CWS,Benign
14,2,Transponder,Benign
11,2,Scar,Benign
8,2,Pysa,Benign
1,10,Ako,Refroso
12,2,Shade,Benign
12,2,Shade,Benign
14,2,Transponder,Benign
0,2,180solutions,Benign
5,2,Emotet,Benign
14,2,Transponder,Benign
4,2,Conti,Benign
8,2,Pysa,Benign
3,2,CWS,Benign
7,2,Maze,Benign
0,2,180solutions,Benign
14,2,Transponder,Benign
3,2,CWS,Benign
8,10,Pysa,Refroso
12,2,Shade,Benign
7,2,Maze,Benign
1,2,Ako,Benign
4,2,Conti,Benign
1,10,Ako,Refroso
5,2,Emotet,Benign
13,2,TIBS,Benign
4,2,Conti,Benign
12,2,Shade,Benign
8,2,Pysa,Benign
14,2,Transponder,Benign
7,2,Maze,Benign
12,9,Shade,Reconyc
12,2,Shade,Benign
3,2,CWS,Benign
12,2,Shade,Benign
4,9,Conti,Reconyc
5,2,Emotet,Benign
7,2,Maze,Benign
7,2,Maze,Benign
7,2,Maze,Benign
5,2,Emotet,Benign
1,1,Ako,Ako
0,2,180solutions,Benign
10,2,Refroso,Benign
1,2,Ako,Benign
11,2,Scar,Benign
1,2,Ako,Benign
1,9,Ako,Reconyc
15,2,Zeus,Benign
15,2,Zeus,Benign
5,9,Emotet,Reconyc
5,2,Emotet,Benign
12,2,Shade,Benign
0,2,180solutions,Benign
4,2,Conti,Benign
8,2,Pysa,Benign
0,2,180solutions,Benign
4,2,Conti,Benign
8,2,Pysa,Benign
14,10,Transponder,Refroso
9,2,Reconyc,Benign
3,2,CWS,Benign
1,2,Ako,Benign
8,2,Pysa,Benign
5,2,Emotet,Benign
10,2,Refroso,Benign
8,2,Pysa,Benign
14,9,Transponder,Reconyc
4,2,Conti,Benign
3,2,CWS,Benign
11,2,Scar,Benign
7,2,Maze,Benign
15,2,Zeus,Benign
4,2,Conti,Benign
12,2,Shade,Benign
15,2,Zeus,Benign
6,2,Gator,Benign
11,2,Scar,Benign
5,9,Emotet,Reconyc
3,2,CWS,Benign
10,2,Refroso,Benign
10,2,Refroso,Benign
3,2,CWS,Benign
14,2,Transponder,Benign
13,2,TIBS,Benign
3,10,CWS,Refroso
5,2,Emotet,Benign
5,2,Emotet,Benign
10,2,Refroso,Benign
6,2,Gator,Benign
8,2,Pysa,Benign
6,2,Gator,Benign
14,14,Transponder,Transponder
5,2,Emotet,Benign
11,2,Scar,Benign
15,2,Zeus,Benign
12,2,Shade,Benign
0,2,180solutions,Benign
9,2,Reconyc,Benign
6,2,Gator,Benign
5,2,Emotet,Benign
1,2,Ako,Benign
5,2,Emotet,Benign
12,2,Shade,Benign
3,10,CWS,Refroso
5,2,Emotet,Benign
11,2,Scar,Benign
11,2,Scar,Benign
8,2,Pysa,Benign
8,2,Pysa,Benign
3,10,CWS,Refroso
0,2,180solutions,Benign
5,2,Emotet,Benign
4,2,Conti,Benign
14,2,Transponder,Benign
8,2,Pysa,Benign
15,2,Zeus,Benign
12,2,Shade,Benign
5,2,Emotet,Benign
3,9,CWS,Reconyc
0,2,180solutions,Benign
12,2,Shade,Benign
13,2,TIBS,Benign
7,2,Maze,Benign
11,2,Scar,Benign
14,2,Transponder,Benign
5,2,Emotet,Benign
13,2,TIBS,Benign
3,2,CWS,Benign
11,2,Scar,Benign
4,2,Conti,Benign
5,9,Emotet,Reconyc
7,10,Maze,Refroso
1,2,Ako,Benign
11,2,Scar,Benign
0,2,180solutions,Benign
5,2,Emotet,Benign
8,2,Pysa,Benign
6,2,Gator,Benign
3,2,CWS,Benign
5,2,Emotet,Benign
3,2,CWS,Benign
10,2,Refroso,Benign
11,2,Scar,Benign
8,11,Pysa,Scar
7,2,Maze,Benign
1,10,Ako,Refroso
8,2,Pysa,Benign
10,2,Refroso,Benign
1,2,Ako,Benign
3,5,CWS,Emotet
9,2,Reconyc,Benign
6,2,Gator,Benign
15,2,Zeus,Benign
5,2,Emotet,Benign
6,2,Gator,Benign
0,2,180solutions,Benign
5,2,Emotet,Benign
5,2,Emotet,Benign
0,2,180solutions,Benign
10,2,Refroso,Benign
15,2,Zeus,Benign
4,9,Conti,Reconyc
4,2,Conti,Benign
12,2,Shade,Benign
4,14,Conti,Transponder
10,2,Refroso,Benign
1,1,Ako,Ako
8,2,Pysa,Benign
6,2,Gator,Benign
7,2,Maze,Benign
11,9,Scar,Reconyc
12,2,Shade,Benign
14,2,Transponder,Benign
12,2,Shade,Benign
3,10,CWS,Refroso
13,11,TIBS,Scar
14,2,Transponder,Benign
5,2,Emotet,Benign
5,9,Emotet,Reconyc
11,2,Scar,Benign
6,2,Gator,Benign
10,2,Refroso,Benign
13,2,TIBS,Benign
3,10,CWS,Refroso
14,2,Transponder,Benign
12,9,Shade,Reconyc
9,2,Reconyc,Benign
13,2,TIBS,Benign
8,2,Pysa,Benign
14,2,Transponder,Benign
5,2,Emotet,Benign
5,2,Emotet,Benign
1,10,Ako,Refroso
7,10,Maze,Refroso
1,3,Ako,CWS
7,2,Maze,Benign
8,2,Pysa,Benign
3,2,CWS,Benign
14,2,Transponder,Benign
1,2,Ako,Benign
10,2,Refroso,Benign
12,9,Shade,Reconyc
14,2,Transponder,Benign
11,2,Scar,Benign
3,2,CWS,Benign
7,2,Maze,Benign
15,2,Zeus,Benign
7,2,Maze,Benign
5,2,Emotet,Benign
7,2,Maze,Benign
11,2,Scar,Benign
8,3,Pysa,CWS
3,2,CWS,Benign
6,2,Gator,Benign
12,9,Shade,Reconyc
0,2,180solutions,Benign
9,2,Reconyc,Benign
10,2,Refroso,Benign
4,2,Conti,Benign
14,2,Transponder,Benign
7,2,Maze,Benign
7,2,Maze,Benign
11,2,Scar,Benign
3,2,CWS,Benign
6,2,Gator,Benign
12,2,Shade,Benign
15,2,Zeus,Benign
4,2,Conti,Benign
14,2,Transponder,Benign
0,2,180solutions,Benign
4,2,Conti,Benign
14,9,Transponder,Reconyc
1,10,Ako,Refroso
11,2,Scar,Benign
12,2,Shade,Benign
0,2,180solutions,Benign
4,1,Conti,Ako
14,2,Transponder,Benign
7,2,Maze,Benign
7,2,Maze,Benign
1,9,Ako,Reconyc
8,2,Pysa,Benign
1,2,Ako,Benign
12,2,Shade,Benign
14,2,Transponder,Benign
10,2,Refroso,Benign
3,2,CWS,Benign
7,2,Maze,Benign
10,2,Refroso,Benign
11,2,Scar,Benign
1,2,Ako,Benign
1,2,Ako,Benign
4,2,Conti,Benign
13,11,TIBS,Scar
1,15,Ako,Zeus
7,2,Maze,Benign
4,9,Conti,Reconyc
11,2,Scar,Benign
6,2,Gator,Benign
12,2,Shade,Benign
4,2,Conti,Benign
11,2,Scar,Benign
6,2,Gator,Benign
4,2,Conti,Benign
12,2,Shade,Benign
6,2,Gator,Benign
11,2,Scar,Benign
1,2,Ako,Benign
14,2,Transponder,Benign
8,3,Pysa,CWS
10,2,Refroso,Benign
7,2,Maze,Benign
15,2,Zeus,Benign
11,2,Scar,Benign
14,2,Transponder,Benign
14,2,Transponder,Benign
6,2,Gator,Benign
0,2,180solutions,Benign
15,2,Zeus,Benign
8,2,Pysa,Benign
0,2,180solutions,Benign
0,9,180solutions,Reconyc
14,2,Transponder,Benign
14,2,Transponder,Benign
5,2,Emotet,Benign
0,2,180solutions,Benign
0,10,180solutions,Refroso
11,2,Scar,Benign
13,2,TIBS,Benign
3,2,CWS,Benign
4,2,Conti,Benign
7,2,Maze,Benign
5,2,Emotet,Benign
12,2,Shade,Benign
12,2,Shade,Benign
15,2,Zeus,Benign
4,2,Conti,Benign
14,2,Transponder,Benign
6,2,Gator,Benign
11,2,Scar,Benign
12,2,Shade,Benign
1,2,Ako,Benign
15,2,Zeus,Benign
14,2,Transponder,Benign
13,2,TIBS,Benign
1,2,Ako,Benign
6,2,Gator,Benign
14,2,Transponder,Benign
13,2,TIBS,Benign
3,2,CWS,Benign
5,2,Emotet,Benign
11,2,Scar,Benign
5,2,Emotet,Benign
1,10,Ako,Refroso
6,2,Gator,Benign
0,11,180solutions,Scar
5,2,Emotet,Benign
4,9,Conti,Reconyc
15,2,Zeus,Benign
11,2,Scar,Benign
8,2,Pysa,Benign
14,15,Transponder,Zeus
9,2,Reconyc,Benign
14,2,Transponder,Benign
4,1,Conti,Ako
8,2,Pysa,Benign
8,2,Pysa,Benign
8,2,Pysa,Benign
5,2,Emotet,Benign
15,2,Zeus,Benign
0,2,180solutions,Benign
7,2,Maze,Benign
11,2,Scar,Benign
0,2,180solutions,Benign
5,2,Emotet,Benign
3,2,CWS,Benign
3,2,CWS,Benign
15,2,Zeus,Benign
3,2,CWS,Benign
7,2,Maze,Benign
5,2,Emotet,Benign
7,2,Maze,Benign
6,2,Gator,Benign
14,2,Transponder,Benign
10,2,Refroso,Benign
12,2,Shade,Benign
10,2,Refroso,Benign
15,2,Zeus,Benign
10,2,Refroso,Benign
3,10,CWS,Refroso
12,2,Shade,Benign
14,2,Transponder,Benign
8,2,Pysa,Benign
10,2,Refroso,Benign
4,2,Conti,Benign
15,2,Zeus,Benign
5,2,Emotet,Benign
14,10,Transponder,Refroso
13,2,TIBS,Benign
5,2,Emotet,Benign
8,2,Pysa,Benign
10,2,Refroso,Benign
11,2,Scar,Benign
1,2,Ako,Benign
12,2,Shade,Benign
5,2,Emotet,Benign
11,2,Scar,Benign
4,2,Conti,Benign
3,10,CWS,Refroso
8,2,Pysa,Benign
15,0,Zeus,180solutions
0,2,180solutions,Benign
1,2,Ako,Benign
12,2,Shade,Benign
4,2,Conti,Benign
7,2,Maze,Benign
5,2,Emotet,Benign
8,2,Pysa,Benign
8,2,Pysa,Benign
5,2,Emotet,Benign
14,2,Transponder,Benign
5,2,Emotet,Benign
4,2,Conti,Benign
8,3,Pysa,CWS
11,2,Scar,Benign
14,2,Transponder,Benign
12,2,Shade,Benign
3,10,CWS,Refroso
9,2,Reconyc,Benign
7,2,Maze,Benign
10,2,Refroso,Benign
3,2,CWS,Benign
5,2,Emotet,Benign
1,10,Ako,Refroso
1,10,Ako,Refroso
8,2,Pysa,Benign
14,10,Transponder,Refroso
10,2,Refroso,Benign
0,2,180solutions,Benign
4,2,Conti,Benign
12,2,Shade,Benign
15,2,Zeus,Benign
5,2,Emotet,Benign
4,2,Conti,Benign
3,2,CWS,Benign
12,2,Shade,Benign
7,2,Maze,Benign
7,9,Maze,Reconyc
7,2,Maze,Benign
8,2,Pysa,Benign
13,2,TIBS,Benign
13,2,TIBS,Benign
13,2,TIBS,Benign
4,2,Conti,Benign
8,2,Pysa,Benign
4,2,Conti,Benign
14,9,Transponder,Reconyc
14,2,Transponder,Benign
6,2,Gator,Benign
5,2,Emotet,Benign
0,2,180solutions,Benign
13,10,TIBS,Refroso
0,2,180solutions,Benign
8,2,Pysa,Benign
5,2,Emotet,Benign
14,2,Transponder,Benign
0,1,180solutions,Ako
10,2,Refroso,Benign
5,2,Emotet,Benign
14,2,Transponder,Benign
7,2,Maze,Benign
3,2,CWS,Benign
13,10,TIBS,Refroso
14,2,Transponder,Benign
9,2,Reconyc,Benign
1,2,Ako,Benign
10,2,Refroso,Benign
3,2,CWS,Benign
13,11,TIBS,Scar
14,2,Transponder,Benign
5,2,Emotet,Benign
7,2,Maze,Benign
10,2,Refroso,Benign
1,2,Ako,Benign
14,2,Transponder,Benign
12,2,Shade,Benign
7,2,Maze,Benign
11,2,Scar,Benign
4,2,Conti,Benign
7,2,Maze,Benign
5,2,Emotet,Benign
6,2,Gator,Benign
10,2,Refroso,Benign
1,10,Ako,Refroso
11,2,Scar,Benign
0,2,180solutions,Benign
13,2,TIBS,Benign
1,2,Ako,Benign
3,10,CWS,Refroso
9,11,Reconyc,Scar
8,2,Pysa,Benign
4,2,Conti,Benign
7,2,Maze,Benign
0,2,180solutions,Benign
15,2,Zeus,Benign
15,2,Zeus,Benign
7,2,Maze,Benign
3,2,CWS,Benign
3,9,CWS,Reconyc
10,2,Refroso,Benign
12,2,Shade,Benign
15,2,Zeus,Benign
1,3,Ako,CWS
9,2,Reconyc,Benign
6,2,Gator,Benign
1,2,Ako,Benign
12,2,Shade,Benign
9,2,Reconyc,Benign
4,2,Conti,Benign
15,2,Zeus,Benign
3,2,CWS,Benign
1,2,Ako,Benign
11,2,Scar,Benign
8,10,Pysa,Refroso
12,2,Shade,Benign
5,2,Emotet,Benign
1,10,Ako,Refroso
14,2,Transponder,Benign
6,2,Gator,Benign
3,2,CWS,Benign
1,2,Ako,Benign
0,11,180solutions,Scar
8,2,Pysa,Benign
14,2,Transponder,Benign
7,2,Maze,Benign
9,2,Reconyc,Benign
14,2,Transponder,Benign
15,2,Zeus,Benign
6,2,Gator,Benign
1,10,Ako,Refroso
11,2,Scar,Benign
15,2,Zeus,Benign
3,2,CWS,Benign
4,2,Conti,Benign
3,2,CWS,Benign
5,2,Emotet,Benign
14,10,Transponder,Refroso
9,2,Reconyc,Benign
1,9,Ako,Reconyc
1,2,Ako,Benign
14,5,Transponder,Emotet
15,2,Zeus,Benign
5,2,Emotet,Benign
7,2,Maze,Benign
12,2,Shade,Benign
7,2,Maze,Benign
6,2,Gator,Benign
3,2,CWS,Benign
10,2,Refroso,Benign
1,3,Ako,CWS
7,10,Maze,Refroso
5,2,Emotet,Benign
10,2,Refroso,Benign
11,2,Scar,Benign
6,2,Gator,Benign
14,2,Transponder,Benign
3,2,CWS,Benign
5,2,Emotet,Benign
10,2,Refroso,Benign
5,2,Emotet,Benign
7,2,Maze,Benign
6,2,Gator,Benign
3,2,CWS,Benign
12,2,Shade,Benign
14,2,Transponder,Benign
1,2,Ako,Benign
9,2,Reconyc,Benign
7,2,Maze,Benign
8,3,Pysa,CWS
10,2,Refroso,Benign
12,2,Shade,Benign
11,2,Scar,Benign
6,2,Gator,Benign
11,2,Scar,Benign
13,2,TIBS,Benign
4,2,Conti,Benign
14,8,Transponder,Pysa
11,2,Scar,Benign
14,2,Transponder,Benign
3,10,CWS,Refroso
8,2,Pysa,Benign
6,2,Gator,Benign
11,2,Scar,Benign
6,2,Gator,Benign
0,2,180solutions,Benign
11,2,Scar,Benign
12,1,Shade,Ako
15,2,Zeus,Benign
10,2,Refroso,Benign
7,2,Maze,Benign
1,2,Ako,Benign
11,2,Scar,Benign
11,2,Scar,Benign
13,2,TIBS,Benign
15,2,Zeus,Benign
9,2,Reconyc,Benign
4,2,Conti,Benign
0,2,180solutions,Benign
7,2,Maze,Benign
15,2,Zeus,Benign
0,2,180solutions,Benign
4,2,Conti,Benign
14,10,Transponder,Refroso
3,2,CWS,Benign
9,2,Reconyc,Benign
14,2,Transponder,Benign
13,2,TIBS,Benign
10,2,Refroso,Benign
12,2,Shade,Benign
0,11,180solutions,Scar
6,2,Gator,Benign
4,2,Conti,Benign
15,2,Zeus,Benign
6,2,Gator,Benign
0,2,180solutions,Benign
7,11,Maze,Scar
1,2,Ako,Benign
1,2,Ako,Benign
10,2,Refroso,Benign
15,2,Zeus,Benign
3,10,CWS,Refroso
15,2,Zeus,Benign
5,2,Emotet,Benign
4,2,Conti,Benign
8,2,Pysa,Benign
15,2,Zeus,Benign
0,2,180solutions,Benign
4,2,Conti,Benign
12,2,Shade,Benign
4,2,Conti,Benign
4,2,Conti,Benign
15,2,Zeus,Benign
11,2,Scar,Benign
6,2,Gator,Benign
15,2,Zeus,Benign
8,2,Pysa,Benign
8,2,Pysa,Benign
3,2,CWS,Benign
5,2,Emotet,Benign
12,2,Shade,Benign
0,2,180solutions,Benign
15,0,Zeus,180solutions
3,2,CWS,Benign
5,2,Emotet,Benign
7,2,Maze,Benign
1,2,Ako,Benign
12,2,Shade,Benign
11,2,Scar,Benign
5,2,Emotet,Benign
6,2,Gator,Benign
8,2,Pysa,Benign
11,2,Scar,Benign
4,2,Conti,Benign
1,2,Ako,Benign
0,2,180solutions,Benign
13,10,TIBS,Refroso
5,2,Emotet,Benign
15,2,Zeus,Benign
6,2,Gator,Benign
1,2,Ako,Benign
11,2,Scar,Benign
7,2,Maze,Benign
11,2,Scar,Benign
14,2,Transponder,Benign
15,10,Zeus,Refroso
3,2,CWS,Benign
6,2,Gator,Benign
3,2,CWS,Benign
10,2,Refroso,Benign
14,10,Transponder,Refroso
9,2,Reconyc,Benign
3,2,CWS,Benign
6,2,Gator,Benign
8,2,Pysa,Benign
1,2,Ako,Benign
1,2,Ako,Benign
15,2,Zeus,Benign
5,2,Emotet,Benign
0,2,180solutions,Benign
0,2,180solutions,Benign
11,2,Scar,Benign
9,2,Reconyc,Benign
6,2,Gator,Benign
12,2,Shade,Benign
10,2,Refroso,Benign
7,10,Maze,Refroso
11,2,Scar,Benign
10,2,Refroso,Benign
6,2,Gator,Benign
0,2,180solutions,Benign
0,2,180solutions,Benign
8,2,Pysa,Benign
15,2,Zeus,Benign
8,2,Pysa,Benign
6,2,Gator,Benign
5,9,Emotet,Reconyc
12,2,Shade,Benign
1,2,Ako,Benign
13,2,TIBS,Benign
4,2,Conti,Benign
7,2,Maze,Benign
14,2,Transponder,Benign
14,2,Transponder,Benign
7,2,Maze,Benign
14,2,Transponder,Benign
4,2,Conti,Benign
11,2,Scar,Benign
11,2,Scar,Benign
3,2,CWS,Benign
3,2,CWS,Benign
15,2,Zeus,Benign
6,2,Gator,Benign
14,2,Transponder,Benign
7,2,Maze,Benign
0,1,180solutions,Ako
0,2,180solutions,Benign
15,0,Zeus,180solutions
8,2,Pysa,Benign
6,2,Gator,Benign
15,2,Zeus,Benign
7,2,Maze,Benign
14,2,Transponder,Benign
15,2,Zeus,Benign
8,2,Pysa,Benign
14,2,Transponder,Benign
7,2,Maze,Benign
6,2,Gator,Benign
13,2,TIBS,Benign
5,2,Emotet,Benign
3,2,CWS,Benign
13,2,TIBS,Benign
7,2,Maze,Benign
12,2,Shade,Benign
10,2,Refroso,Benign
11,2,Scar,Benign
1,2,Ako,Benign
15,2,Zeus,Benign
9,2,Reconyc,Benign
10,2,Refroso,Benign
15,15,Zeus,Zeus
4,2,Conti,Benign
6,2,Gator,Benign
0,2,180solutions,Benign
5,2,Emotet,Benign
12,2,Shade,Benign
0,2,180solutions,Benign
7,2,Maze,Benign
1,2,Ako,Benign
15,2,Zeus,Benign
0,2,180solutions,Benign
15,2,Zeus,Benign
5,2,Emotet,Benign
7,2,Maze,Benign
10,2,Refroso,Benign
5,2,Emotet,Benign
8,2,Pysa,Benign
1,10,Ako,Refroso
15,2,Zeus,Benign
0,2,180solutions,Benign
5,2,Emotet,Benign
3,2,CWS,Benign
1,2,Ako,Benign
15,2,Zeus,Benign
14,10,Transponder,Refroso
15,0,Zeus,180solutions
12,2,Shade,Benign
12,2,Shade,Benign
15,2,Zeus,Benign
6,2,Gator,Benign
8,2,Pysa,Benign
12,1,Shade,Ako
10,2,Refroso,Benign
12,2,Shade,Benign
6,2,Gator,Benign
15,2,Zeus,Benign
0,15,180solutions,Zeus
0,9,180solutions,Reconyc
5,2,Emotet,Benign
4,2,Conti,Benign
14,2,Transponder,Benign
12,2,Shade,Benign
15,9,Zeus,Reconyc
15,2,Zeus,Benign
0,2,180solutions,Benign
6,2,Gator,Benign
13,11,TIBS,Scar
11,2,Scar,Benign
1,2,Ako,Benign
1,2,Ako,Benign
6,2,Gator,Benign
5,9,Emotet,Reconyc
14,10,Transponder,Refroso
7,2,Maze,Benign
13,9,TIBS,Reconyc
6,2,Gator,Benign
14,2,Transponder,Benign
14,10,Transponder,Refroso
0,2,180solutions,Benign
14,2,Transponder,Benign
8,2,Pysa,Benign
11,2,Scar,Benign
5,2,Emotet,Benign
6,2,Gator,Benign
10,2,Refroso,Benign
4,2,Conti,Benign
13,2,TIBS,Benign
0,2,180solutions,Benign
3,2,CWS,Benign
10,2,Refroso,Benign
8,2,Pysa,Benign
11,2,Scar,Benign
7,2,Maze,Benign
3,10,CWS,Refroso
9,2,Reconyc,Benign
3,2,CWS,Benign
13,10,TIBS,Refroso
11,2,Scar,Benign
7,2,Maze,Benign
3,10,CWS,Refroso
9,2,Reconyc,Benign
8,2,Pysa,Benign
11,2,Scar,Benign
5,2,Emotet,Benign
10,2,Refroso,Benign
6,2,Gator,Benign
8,2,Pysa,Benign
9,2,Reconyc,Benign
11,2,Scar,Benign
14,2,Transponder,Benign
11,2,Scar,Benign
9,2,Reconyc,Benign
0,11,180solutions,Scar
6,2,Gator,Benign
8,2,Pysa,Benign
4,2,Conti,Benign
6,2,Gator,Benign
15,2,Zeus,Benign
6,2,Gator,Benign
13,2,TIBS,Benign
12,2,Shade,Benign
10,2,Refroso,Benign
3,2,CWS,Benign
15,2,Zeus,Benign
3,2,CWS,Benign
8,2,Pysa,Benign
5,2,Emotet,Benign
11,9,Scar,Reconyc
14,2,Transponder,Benign
12,2,Shade,Benign
13,15,TIBS,Zeus
11,2,Scar,Benign
14,2,Transponder,Benign
0,2,180solutions,Benign
6,2,Gator,Benign
14,2,Transponder,Benign
13,11,TIBS,Scar
13,2,TIBS,Benign
12,2,Shade,Benign
13,2,TIBS,Benign
6,2,Gator,Benign
0,2,180solutions,Benign
1,2,Ako,Benign
5,2,Emotet,Benign
6,2,Gator,Benign
7,9,Maze,Reconyc
0,2,180solutions,Benign
12,2,Shade,Benign
5,2,Emotet,Benign
9,2,Reconyc,Benign
0,14,180solutions,Transponder
14,2,Transponder,Benign
15,2,Zeus,Benign
4,2,Conti,Benign
6,2,Gator,Benign
11,2,Scar,Benign
5,2,Emotet,Benign
15,2,Zeus,Benign
11,2,Scar,Benign
12,2,Shade,Benign
4,2,Conti,Benign
11,2,Scar,Benign
10,2,Refroso,Benign
7,2,Maze,Benign
4,2,Conti,Benign
6,2,Gator,Benign
0,2,180solutions,Benign
3,10,CWS,Refroso
7,2,Maze,Benign
9,2,Reconyc,Benign
0,2,180solutions,Benign
15,2,Zeus,Benign
4,2,Conti,Benign
12,2,Shade,Benign
1,2,Ako,Benign
11,2,Scar,Benign
9,2,Reconyc,Benign
0,2,180solutions,Benign
8,2,Pysa,Benign
5,2,Emotet,Benign
0,2,180solutions,Benign
14,15,Transponder,Zeus
5,2,Emotet,Benign
10,2,Refroso,Benign
0,9,180solutions,Reconyc
8,2,Pysa,Benign
12,2,Shade,Benign
10,2,Refroso,Benign
12,2,Shade,Benign
15,2,Zeus,Benign
8,2,Pysa,Benign
14,2,Transponder,Benign
10,2,Refroso,Benign
0,2,180solutions,Benign
7,2,Maze,Benign
13,11,TIBS,Scar
11,2,Scar,Benign
3,2,CWS,Benign
7,2,Maze,Benign
6,2,Gator,Benign
11,2,Scar,Benign
1,2,Ako,Benign
15,2,Zeus,Benign
12,2,Shade,Benign
15,2,Zeus,Benign
6,2,Gator,Benign
8,2,Pysa,Benign
15,0,Zeus,180solutions
10,2,Refroso,Benign
5,2,Emotet,Benign
14,2,Transponder,Benign
14,2,Transponder,Benign
0,2,180solutions,Benign
0,2,180solutions,Benign
1,2,Ako,Benign
6,2,Gator,Benign
4,2,Conti,Benign
1,2,Ako,Benign
4,2,Conti,Benign
4,2,Conti,Benign
0,10,180solutions,Refroso
11,2,Scar,Benign
10,2,Refroso,Benign
11,2,Scar,Benign
13,2,TIBS,Benign
4,2,Conti,Benign
0,2,180solutions,Benign
14,2,Transponder,Benign
9,2,Reconyc,Benign
14,2,Transponder,Benign
9,2,Reconyc,Benign
4,2,Conti,Benign
1,14,Ako,Transponder
12,2,Shade,Benign
7,2,Maze,Benign
12,2,Shade,Benign
12,9,Shade,Reconyc
5,2,Emotet,Benign
15,2,Zeus,Benign
5,2,Emotet,Benign
4,2,Conti,Benign
13,8,TIBS,Pysa
11,2,Scar,Benign
9,2,Reconyc,Benign
13,11,TIBS,Scar
6,2,Gator,Benign
6,2,Gator,Benign
10,2,Refroso,Benign
8,2,Pysa,Benign
14,2,Transponder,Benign
11,2,Scar,Benign
14,2,Transponder,Benign
0,2,180solutions,Benign
12,2,Shade,Benign
9,2,Reconyc,Benign
4,2,Conti,Benign
7,2,Maze,Benign
4,2,Conti,Benign
5,2,Emotet,Benign
6,2,Gator,Benign
1,2,Ako,Benign
6,2,Gator,Benign
3,2,CWS,Benign
13,11,TIBS,Scar
3,2,CWS,Benign
4,2,Conti,Benign
9,2,Reconyc,Benign
9,2,Reconyc,Benign
1,2,Ako,Benign
0,2,180solutions,Benign
3,2,CWS,Benign
9,2,Reconyc,Benign
15,2,Zeus,Benign
6,9,Gator,Reconyc
8,2,Pysa,Benign
5,9,Emotet,Reconyc
11,8,Scar,Pysa
10,2,Refroso,Benign
6,2,Gator,Benign
7,2,Maze,Benign
0,5,180solutions,Emotet
4,9,Conti,Reconyc
13,2,TIBS,Benign
1,2,Ako,Benign
10,9,Refroso,Reconyc
1,10,Ako,Refroso
12,2,Shade,Benign
11,2,Scar,Benign
15,2,Zeus,Benign
0,9,180solutions,Reconyc
11,2,Scar,Benign
13,11,TIBS,Scar
11,1,Scar,Ako
6,2,Gator,Benign
9,2,Reconyc,Benign
10,2,Refroso,Benign
6,2,Gator,Benign
1,2,Ako,Benign
15,2,Zeus,Benign
10,2,Refroso,Benign
15,2,Zeus,Benign
6,2,Gator,Benign
10,2,Refroso,Benign
5,2,Emotet,Benign
7,2,Maze,Benign
6,2,Gator,Benign
11,2,Scar,Benign
1,2,Ako,Benign
5,2,Emotet,Benign
8,2,Pysa,Benign
14,2,Transponder,Benign
8,2,Pysa,Benign
15,2,Zeus,Benign
6,9,Gator,Reconyc
14,2,Transponder,Benign
13,11,TIBS,Scar
11,2,Scar,Benign
0,2,180solutions,Benign
3,2,CWS,Benign
7,2,Maze,Benign
9,2,Reconyc,Benign
0,2,180solutions,Benign
15,2,Zeus,Benign
10,2,Refroso,Benign
8,2,Pysa,Benign
14,2,Transponder,Benign
14,5,Transponder,Emotet
12,1,Shade,Ako
1,9,Ako,Reconyc
5,2,Emotet,Benign
4,2,Conti,Benign
10,2,Refroso,Benign
14,2,Transponder,Benign
6,2,Gator,Benign
8,2,Pysa,Benign
6,2,Gator,Benign
12,2,Shade,Benign
8,2,Pysa,Benign
5,2,Emotet,Benign
12,1,Shade,Ako
10,2,Refroso,Benign
8,2,Pysa,Benign
11,2,Scar,Benign
12,2,Shade,Benign
11,2,Scar,Benign
8,10,Pysa,Refroso
0,2,180solutions,Benign
0,2,180solutions,Benign
6,2,Gator,Benign
1,2,Ako,Benign
10,2,Refroso,Benign
5,2,Emotet,Benign
1,10,Ako,Refroso
12,2,Shade,Benign
7,2,Maze,Benign
7,2,Maze,Benign
12,9,Shade,Reconyc
5,2,Emotet,Benign
10,2,Refroso,Benign
1,10,Ako,Refroso
8,2,Pysa,Benign
8,2,Pysa,Benign
12,9,Shade,Reconyc
1,2,Ako,Benign
4,2,Conti,Benign
5,2,Emotet,Benign
4,2,Conti,Benign
12,2,Shade,Benign
8,2,Pysa,Benign
5,2,Emotet,Benign
12,2,Shade,Benign
13,2,TIBS,Benign
8,2,Pysa,Benign
11,2,Scar,Benign
15,2,Zeus,Benign
7,2,Maze,Benign
7,2,Maze,Benign
0,2,180solutions,Benign
7,2,Maze,Benign
6,2,Gator,Benign
1,2,Ako,Benign
9,2,Reconyc,Benign
1,10,Ako,Refroso
6,9,Gator,Reconyc
12,2,Shade,Benign
3,2,CWS,Benign
3,2,CWS,Benign
7,10,Maze,Refroso
8,2,Pysa,Benign
7,10,Maze,Refroso
14,2,Transponder,Benign
0,5,180solutions,Emotet
14,9,Transponder,Reconyc
4,2,Conti,Benign
9,2,Reconyc,Benign
3,2,CWS,Benign
0,2,180solutions,Benign
4,2,Conti,Benign
15,2,Zeus,Benign
0,2,180solutions,Benign
9,2,Reconyc,Benign
0,2,180solutions,Benign
15,2,Zeus,Benign
11,2,Scar,Benign
4,2,Conti,Benign
10,2,Refroso,Benign
1,9,Ako,Reconyc
12,2,Shade,Benign
12,2,Shade,Benign
9,2,Reconyc,Benign
3,10,CWS,Refroso
8,2,Pysa,Benign
1,10,Ako,Refroso
10,2,Refroso,Benign
13,2,TIBS,Benign
11,2,Scar,Benign
15,2,Zeus,Benign
5,2,Emotet,Benign
15,2,Zeus,Benign
14,2,Transponder,Benign
15,2,Zeus,Benign
1,10,Ako,Refroso
0,2,180solutions,Benign
0,2,180solutions,Benign
4,2,Conti,Benign
3,2,CWS,Benign
4,2,Conti,Benign
4,2,Conti,Benign
12,2,Shade,Benign
11,2,Scar,Benign
9,2,Reconyc,Benign
10,2,Refroso,Benign
11,2,Scar,Benign
4,2,Conti,Benign
11,2,Scar,Benign
11,2,Scar,Benign
4,2,Conti,Benign
6,2,Gator,Benign
8,2,Pysa,Benign
14,10,Transponder,Refroso
7,2,Maze,Benign
12,2,Shade,Benign
3,2,CWS,Benign
0,2,180solutions,Benign
11,2,Scar,Benign
0,2,180solutions,Benign
10,2,Refroso,Benign
1,14,Ako,Transponder
10,2,Refroso,Benign
13,11,TIBS,Scar
14,2,Transponder,Benign
7,2,Maze,Benign
1,10,Ako,Refroso
9,2,Reconyc,Benign
8,10,Pysa,Refroso
15,2,Zeus,Benign
6,2,Gator,Benign
9,2,Reconyc,Benign
0,2,180solutions,Benign
13,2,TIBS,Benign
14,2,Transponder,Benign
3,2,CWS,Benign
3,2,CWS,Benign
5,2,Emotet,Benign
12,2,Shade,Benign
9,2,Reconyc,Benign
3,2,CWS,Benign
11,2,Scar,Benign
9,2,Reconyc,Benign
11,2,Scar,Benign
0,2,180solutions,Benign
3,2,CWS,Benign
5,2,Emotet,Benign
1,2,Ako,Benign
8,2,Pysa,Benign
1,2,Ako,Benign
10,2,Refroso,Benign
9,2,Reconyc,Benign
6,2,Gator,Benign
4,2,Conti,Benign
13,2,TIBS,Benign
0,2,180solutions,Benign
7,2,Maze,Benign
6,2,Gator,Benign
9,2,Reconyc,Benign
9,2,Reconyc,Benign
0,2,180solutions,Benign
3,2,CWS,Benign
6,2,Gator,Benign
15,2,Zeus,Benign
3,2,CWS,Benign
14,2,Transponder,Benign
13,2,TIBS,Benign
1,2,Ako,Benign
7,2,Maze,Benign
1,2,Ako,Benign
0,2,180solutions,Benign
7,2,Maze,Benign
3,2,CWS,Benign
11,2,Scar,Benign
0,2,180solutions,Benign
15,2,Zeus,Benign
4,2,Conti,Benign
9,2,Reconyc,Benign
14,9,Transponder,Reconyc
1,9,Ako,Reconyc
3,8,CWS,Pysa
13,2,TIBS,Benign
15,2,Zeus,Benign
12,2,Shade,Benign
8,2,Pysa,Benign
7,2,Maze,Benign
6,2,Gator,Benign
0,2,180solutions,Benign
9,2,Reconyc,Benign
5,2,Emotet,Benign
6,2,Gator,Benign
12,2,Shade,Benign
14,2,Transponder,Benign
12,2,Shade,Benign
3,2,CWS,Benign
0,2,180solutions,Benign
5,2,Emotet,Benign
8,2,Pysa,Benign
13,2,TIBS,Benign
15,9,Zeus,Reconyc
13,15,TIBS,Zeus
4,2,Conti,Benign
1,2,Ako,Benign
3,10,CWS,Refroso
12,2,Shade,Benign
1,2,Ako,Benign
6,2,Gator,Benign
0,2,180solutions,Benign
11,2,Scar,Benign
10,2,Refroso,Benign
1,2,Ako,Benign
8,10,Pysa,Refroso
6,2,Gator,Benign
15,2,Zeus,Benign
10,2,Refroso,Benign
0,2,180solutions,Benign
11,2,Scar,Benign
11,2,Scar,Benign
9,9,Reconyc,Reconyc
15,15,Zeus,Zeus
12,2,Shade,Benign
9,2,Reconyc,Benign
8,2,Pysa,Benign
15,2,Zeus,Benign
3,2,CWS,Benign
5,2,Emotet,Benign
5,2,Emotet,Benign
15,2,Zeus,Benign
14,2,Transponder,Benign
5,2,Emotet,Benign
14,2,Transponder,Benign
13,2,TIBS,Benign
3,2,CWS,Benign
12,2,Shade,Benign
3,2,CWS,Benign
9,2,Reconyc,Benign
10,2,Refroso,Benign
13,10,TIBS,Refroso
10,2,Refroso,Benign
7,2,Maze,Benign
3,2,CWS,Benign
12,2,Shade,Benign
14,2,Transponder,Benign
12,2,Shade,Benign
12,2,Shade,Benign
14,2,Transponder,Benign
3,2,CWS,Benign
13,2,TIBS,Benign
8,2,Pysa,Benign
15,2,Zeus,Benign
13,11,TIBS,Scar
3,2,CWS,Benign
13,2,TIBS,Benign
7,2,Maze,Benign
9,2,Reconyc,Benign
11,2,Scar,Benign
4,2,Conti,Benign
15,2,Zeus,Benign
11,2,Scar,Benign
9,2,Reconyc,Benign
4,2,Conti,Benign
12,2,Shade,Benign
5,2,Emotet,Benign
3,2,CWS,Benign
12,2,Shade,Benign
8,2,Pysa,Benign
0,2,180solutions,Benign
15,2,Zeus,Benign
10,2,Refroso,Benign
1,2,Ako,Benign
11,2,Scar,Benign
13,2,TIBS,Benign
8,2,Pysa,Benign
5,2,Emotet,Benign
4,2,Conti,Benign
0,2,180solutions,Benign
13,2,TIBS,Benign
12,2,Shade,Benign
0,2,180solutions,Benign
15,0,Zeus,180solutions
12,2,Shade,Benign
8,2,Pysa,Benign
7,2,Maze,Benign
14,2,Transponder,Benign
8,2,Pysa,Benign
4,2,Conti,Benign
7,10,Maze,Refroso
1,2,Ako,Benign
11,2,Scar,Benign
10,2,Refroso,Benign
3,2,CWS,Benign
12,2,Shade,Benign
14,2,Transponder,Benign
12,2,Shade,Benign
3,2,CWS,Benign
0,8,180solutions,Pysa
14,2,Transponder,Benign
4,2,Conti,Benign
3,10,CWS,Refroso
0,2,180solutions,Benign
5,2,Emotet,Benign
10,2,Refroso,Benign
6,2,Gator,Benign
15,2,Zeus,Benign
14,2,Transponder,Benign
14,9,Transponder,Reconyc
10,2,Refroso,Benign
6,9,Gator,Reconyc
3,2,CWS,Benign
5,2,Emotet,Benign
11,2,Scar,Benign
15,2,Zeus,Benign
14,2,Transponder,Benign
1,2,Ako,Benign
0,2,180solutions,Benign
11,2,Scar,Benign
3,10,CWS,Refroso
5,2,Emotet,Benign
5,2,Emotet,Benign
6,2,Gator,Benign
12,2,Shade,Benign
13,2,TIBS,Benign
15,9,Zeus,Reconyc
8,2,Pysa,Benign
0,2,180solutions,Benign
11,2,Scar,Benign
8,10,Pysa,Refroso
6,2,Gator,Benign
7,2,Maze,Benign
14,2,Transponder,Benign
14,10,Transponder,Refroso
5,2,Emotet,Benign
3,2,CWS,Benign
15,2,Zeus,Benign
13,2,TIBS,Benign
13,2,TIBS,Benign
11,2,Scar,Benign
7,2,Maze,Benign
5,2,Emotet,Benign
1,10,Ako,Refroso
14,9,Transponder,Reconyc
13,11,TIBS,Scar
1,2,Ako,Benign
15,15,Zeus,Zeus
7,2,Maze,Benign
0,2,180solutions,Benign
7,2,Maze,Benign
5,2,Emotet,Benign
8,2,Pysa,Benign
10,2,Refroso,Benign
10,2,Refroso,Benign
10,2,Refroso,Benign
8,2,Pysa,Benign
8,3,Pysa,CWS
7,10,Maze,Refroso
0,2,180solutions,Benign
14,2,Transponder,Benign
5,2,Emotet,Benign
6,2,Gator,Benign
14,2,Transponder,Benign
10,2,Refroso,Benign
4,2,Conti,Benign
6,2,Gator,Benign
0,2,180solutions,Benign
3,10,CWS,Refroso
4,2,Conti,Benign
1,2,Ako,Benign
3,2,CWS,Benign
12,2,Shade,Benign
15,2,Zeus,Benign
1,15,Ako,Zeus
10,2,Refroso,Benign
6,2,Gator,Benign
11,2,Scar,Benign
0,2,180solutions,Benign
12,2,Shade,Benign
8,9,Pysa,Reconyc
12,2,Shade,Benign
15,2,Zeus,Benign
6,2,Gator,Benign
14,2,Transponder,Benign
14,10,Transponder,Refroso
11,2,Scar,Benign
15,9,Zeus,Reconyc
4,2,Conti,Benign
13,11,TIBS,Scar
8,2,Pysa,Benign
10,2,Refroso,Benign
3,10,CWS,Refroso
7,2,Maze,Benign
10,2,Refroso,Benign
11,2,Scar,Benign
15,10,Zeus,Refroso
12,2,Shade,Benign
0,2,180solutions,Benign
11,2,Scar,Benign
3,2,CWS,Benign
14,2,Transponder,Benign
6,2,Gator,Benign
9,2,Reconyc,Benign
15,2,Zeus,Benign
3,2,CWS,Benign
14,2,Transponder,Benign
0,2,180solutions,Benign
12,2,Shade,Benign
5,2,Emotet,Benign
14,10,Transponder,Refroso
9,2,Reconyc,Benign
15,2,Zeus,Benign
14,10,Transponder,Refroso
5,2,Emotet,Benign
11,2,Scar,Benign
13,11,TIBS,Scar
5,2,Emotet,Benign
9,9,Reconyc,Reconyc
12,2,Shade,Benign
5,2,Emotet,Benign
10,2,Refroso,Benign
14,2,Transponder,Benign
8,2,Pysa,Benign
7,2,Maze,Benign
10,2,Refroso,Benign
0,2,180solutions,Benign
10,2,Refroso,Benign
15,2,Zeus,Benign
11,2,Scar,Benign
10,2,Refroso,Benign
6,2,Gator,Benign
7,2,Maze,Benign
3,2,CWS,Benign
3,2,CWS,Benign
1,2,Ako,Benign
4,2,Conti,Benign
13,2,TIBS,Benign
3,2,CWS,Benign
4,2,Conti,Benign
9,2,Reconyc,Benign
5,2,Emotet,Benign
4,2,Conti,Benign
1,2,Ako,Benign
3,2,CWS,Benign
10,2,Refroso,Benign
3,2,CWS,Benign
8,10,Pysa,Refroso
0,2,180solutions,Benign
6,2,Gator,Benign
9,2,Reconyc,Benign
0,2,180solutions,Benign
9,2,Reconyc,Benign
6,2,Gator,Benign
14,10,Transponder,Refroso
15,2,Zeus,Benign
8,2,Pysa,Benign
12,2,Shade,Benign
4,9,Conti,Reconyc
12,2,Shade,Benign
3,2,CWS,Benign
1,9,Ako,Reconyc
12,2,Shade,Benign
14,2,Transponder,Benign
1,2,Ako,Benign
0,2,180solutions,Benign
0,2,180solutions,Benign
9,2,Reconyc,Benign
14,2,Transponder,Benign
3,2,CWS,Benign
12,2,Shade,Benign
11,2,Scar,Benign
0,2,180solutions,Benign
1,2,Ako,Benign
5,2,Emotet,Benign
9,2,Reconyc,Benign
14,2,Transponder,Benign
11,2,Scar,Benign
10,2,Refroso,Benign
7,2,Maze,Benign
10,2,Refroso,Benign
6,2,Gator,Benign
1,3,Ako,CWS
1,14,Ako,Transponder
13,10,TIBS,Refroso
13,2,TIBS,Benign
14,2,Transponder,Benign
14,2,Transponder,Benign
13,2,TIBS,Benign
14,2,Transponder,Benign
5,2,Emotet,Benign
1,2,Ako,Benign
1,3,Ako,CWS
5,2,Emotet,Benign
7,2,Maze,Benign
7,2,Maze,Benign
8,2,Pysa,Benign
14,2,Transponder,Benign
4,2,Conti,Benign
0,2,180solutions,Benign
5,2,Emotet,Benign
14,2,Transponder,Benign
3,2,CWS,Benign
3,2,CWS,Benign
9,2,Reconyc,Benign
14,8,Transponder,Pysa
1,10,Ako,Refroso
7,2,Maze,Benign
9,9,Reconyc,Reconyc
7,2,Maze,Benign
15,2,Zeus,Benign
10,2,Refroso,Benign
1,2,Ako,Benign
12,2,Shade,Benign
14,2,Transponder,Benign
7,2,Maze,Benign
11,2,Scar,Benign
9,2,Reconyc,Benign
13,9,TIBS,Reconyc
6,2,Gator,Benign
9,2,Reconyc,Benign
8,3,Pysa,CWS
3,2,CWS,Benign
13,11,TIBS,Scar
10,2,Refroso,Benign
13,2,TIBS,Benign
9,2,Reconyc,Benign
0,2,180solutions,Benign
12,2,Shade,Benign
0,2,180solutions,Benign
7,9,Maze,Reconyc
6,2,Gator,Benign
0,2,180solutions,Benign
8,2,Pysa,Benign
9,2,Reconyc,Benign
9,2,Reconyc,Benign
1,2,Ako,Benign
7,2,Maze,Benign
3,2,CWS,Benign
6,2,Gator,Benign
15,2,Zeus,Benign
12,2,Shade,Benign
10,2,Refroso,Benign
0,1,180solutions,Ako
5,2,Emotet,Benign
12,2,Shade,Benign
11,2,Scar,Benign
10,2,Refroso,Benign
5,2,Emotet,Benign
0,2,180solutions,Benign
12,2,Shade,Benign
3,2,CWS,Benign
7,2,Maze,Benign
7,2,Maze,Benign
3,2,CWS,Benign
14,10,Transponder,Refroso
10,2,Refroso,Benign
11,2,Scar,Benign
9,2,Reconyc,Benign
9,2,Reconyc,Benign
3,10,CWS,Refroso
5,2,Emotet,Benign
8,3,Pysa,CWS
12,2,Shade,Benign
5,2,Emotet,Benign
11,2,Scar,Benign
13,2,TIBS,Benign
4,2,Conti,Benign
0,2,180solutions,Benign
0,2,180solutions,Benign
6,2,Gator,Benign
11,2,Scar,Benign
10,2,Refroso,Benign
6,2,Gator,Benign
14,10,Transponder,Refroso
4,2,Conti,Benign
8,10,Pysa,Refroso
7,2,Maze,Benign
10,2,Refroso,Benign
0,2,180solutions,Benign
4,2,Conti,Benign
0,2,180solutions,Benign
0,2,180solutions,Benign
0,2,180solutions,Benign
9,2,Reconyc,Benign
3,10,CWS,Refroso
6,2,Gator,Benign
11,2,Scar,Benign
14,2,Transponder,Benign
8,2,Pysa,Benign
6,2,Gator,Benign
10,2,Refroso,Benign
8,2,Pysa,Benign
6,2,Gator,Benign
13,2,TIBS,Benign
10,2,Refroso,Benign
12,2,Shade,Benign
0,2,180solutions,Benign
1,2,Ako,Benign
4,2,Conti,Benign
3,10,CWS,Refroso
9,2,Reconyc,Benign
6,2,Gator,Benign
0,2,180solutions,Benign
0,2,180solutions,Benign
11,2,Scar,Benign
11,2,Scar,Benign
4,2,Conti,Benign
11,2,Scar,Benign
9,2,Reconyc,Benign
9,2,Reconyc,Benign
10,2,Refroso,Benign
4,2,Conti,Benign
12,2,Shade,Benign
5,2,Emotet,Benign
0,2,180solutions,Benign
10,2,Refroso,Benign
10,2,Refroso,Benign
12,2,Shade,Benign
6,2,Gator,Benign
6,2,Gator,Benign
15,2,Zeus,Benign
13,2,TIBS,Benign
0,2,180solutions,Benign
3,15,CWS,Zeus
14,2,Transponder,Benign
11,2,Scar,Benign
1,10,Ako,Refroso
7,2,Maze,Benign
1,2,Ako,Benign
13,2,TIBS,Benign
8,2,Pysa,Benign
11,2,Scar,Benign
0,2,180solutions,Benign
1,9,Ako,Reconyc
10,2,Refroso,Benign
3,2,CWS,Benign
12,2,Shade,Benign
1,2,Ako,Benign
8,2,Pysa,Benign
5,2,Emotet,Benign
6,2,Gator,Benign
14,2,Transponder,Benign
9,2,Reconyc,Benign
11,2,Scar,Benign
15,2,Zeus,Benign
3,2,CWS,Benign
8,2,Pysa,Benign
14,2,Transponder,Benign
1,2,Ako,Benign
5,9,Emotet,Reconyc
5,2,Emotet,Benign
3,2,CWS,Benign
13,11,TIBS,Scar
6,2,Gator,Benign
6,2,Gator,Benign
9,2,Reconyc,Benign
4,2,Conti,Benign
15,2,Zeus,Benign
13,2,TIBS,Benign
1,2,Ako,Benign
14,2,Transponder,Benign
14,2,Transponder,Benign
5,2,Emotet,Benign
0,2,180solutions,Benign
14,2,Transponder,Benign
4,2,Conti,Benign
14,2,Transponder,Benign
6,2,Gator,Benign
14,2,Transponder,Benign
15,2,Zeus,Benign
11,2,Scar,Benign
1,2,Ako,Benign
4,2,Conti,Benign
11,2,Scar,Benign
6,2,Gator,Benign
1,2,Ako,Benign
5,2,Emotet,Benign
6,2,Gator,Benign
6,2,Gator,Benign
14,2,Transponder,Benign
10,2,Refroso,Benign
4,2,Conti,Benign
0,11,180solutions,Scar
11,2,Scar,Benign
5,2,Emotet,Benign
1,2,Ako,Benign
9,2,Reconyc,Benign
6,2,Gator,Benign
14,2,Transponder,Benign
1,2,Ako,Benign
15,2,Zeus,Benign
0,2,180solutions,Benign
15,2,Zeus,Benign
15,0,Zeus,180solutions
1,2,Ako,Benign
8,2,Pysa,Benign
14,2,Transponder,Benign
6,2,Gator,Benign
5,2,Emotet,Benign
9,2,Reconyc,Benign
11,2,Scar,Benign
10,2,Refroso,Benign
3,2,CWS,Benign
10,2,Refroso,Benign
3,2,CWS,Benign
14,2,Transponder,Benign
0,9,180solutions,Reconyc
11,2,Scar,Benign
9,2,Reconyc,Benign
11,2,Scar,Benign
15,2,Zeus,Benign
15,2,Zeus,Benign
9,9,Reconyc,Reconyc
1,2,Ako,Benign
10,2,Refroso,Benign
5,2,Emotet,Benign
15,2,Zeus,Benign
14,9,Transponder,Reconyc
10,2,Refroso,Benign
10,2,Refroso,Benign
14,2,Transponder,Benign
3,10,CWS,Refroso
10,2,Refroso,Benign
9,2,Reconyc,Benign
3,2,CWS,Benign
15,2,Zeus,Benign
15,2,Zeus,Benign
5,2,Emotet,Benign
13,9,TIBS,Reconyc
14,2,Transponder,Benign
3,5,CWS,Emotet
10,2,Refroso,Benign
12,1,Shade,Ako
5,2,Emotet,Benign
9,2,Reconyc,Benign
8,2,Pysa,Benign
5,2,Emotet,Benign
14,10,Transponder,Refroso
5,2,Emotet,Benign
14,2,Transponder,Benign
3,2,CWS,Benign
8,3,Pysa,CWS
4,2,Conti,Benign
7,2,Maze,Benign
5,2,Emotet,Benign
3,2,CWS,Benign
1,2,Ako,Benign
4,2,Conti,Benign
12,2,Shade,Benign
10,2,Refroso,Benign
10,2,Refroso,Benign
14,2,Transponder,Benign
14,2,Transponder,Benign
15,0,Zeus,180solutions
12,2,Shade,Benign
14,2,Transponder,Benign
12,2,Shade,Benign
6,2,Gator,Benign
8,10,Pysa,Refroso
14,2,Transponder,Benign
10,2,Refroso,Benign
6,2,Gator,Benign
9,2,Reconyc,Benign
1,2,Ako,Benign
3,2,CWS,Benign
13,8,TIBS,Pysa
10,2,Refroso,Benign
8,2,Pysa,Benign
10,2,Refroso,Benign
4,2,Conti,Benign
7,2,Maze,Benign
6,2,Gator,Benign
0,2,180solutions,Benign
14,2,Transponder,Benign
10,2,Refroso,Benign
7,2,Maze,Benign
4,9,Conti,Reconyc
5,2,Emotet,Benign
1,2,Ako,Benign
12,2,Shade,Benign
12,2,Shade,Benign
4,1,Conti,Ako
14,2,Transponder,Benign
13,2,TIBS,Benign
11,2,Scar,Benign
10,2,Refroso,Benign
0,2,180solutions,Benign
12,9,Shade,Reconyc
14,2,Transponder,Benign
14,10,Transponder,Refroso
6,2,Gator,Benign
12,2,Shade,Benign
6,2,Gator,Benign
3,2,CWS,Benign
11,2,Scar,Benign
15,2,Zeus,Benign
13,11,TIBS,Scar
11,2,Scar,Benign
4,2,Conti,Benign
4,2,Conti,Benign
10,2,Refroso,Benign
14,10,Transponder,Refroso
0,2,180solutions,Benign
1,9,Ako,Reconyc
9,2,Reconyc,Benign
11,2,Scar,Benign
8,2,Pysa,Benign
1,10,Ako,Refroso
12,2,Shade,Benign
6,2,Gator,Benign
7,2,Maze,Benign
10,2,Refroso,Benign
13,2,TIBS,Benign
15,15,Zeus,Zeus
14,2,Transponder,Benign
3,9,CWS,Reconyc
8,2,Pysa,Benign
14,10,Transponder,Refroso
1,10,Ako,Refroso
0,2,180solutions,Benign
12,2,Shade,Benign
14,2,Transponder,Benign
15,2,Zeus,Benign
14,2,Transponder,Benign
4,2,Conti,Benign
10,2,Refroso,Benign
4,2,Conti,Benign
13,11,TIBS,Scar
6,2,Gator,Benign
14,2,Transponder,Benign
0,2,180solutions,Benign
5,2,Emotet,Benign
3,2,CWS,Benign
11,2,Scar,Benign
10,2,Refroso,Benign
0,2,180solutions,Benign
9,2,Reconyc,Benign
15,2,Zeus,Benign
7,2,Maze,Benign
5,2,Emotet,Benign
15,2,Zeus,Benign
15,10,Zeus,Refroso
6,2,Gator,Benign
10,2,Refroso,Benign
14,10,Transponder,Refroso
14,2,Transponder,Benign
6,2,Gator,Benign
5,2,Emotet,Benign
14,2,Transponder,Benign
1,10,Ako,Refroso
9,9,Reconyc,Reconyc
5,2,Emotet,Benign
8,2,Pysa,Benign
4,2,Conti,Benign
0,2,180solutions,Benign
1,10,Ako,Refroso
1,2,Ako,Benign
5,2,Emotet,Benign
14,2,Transponder,Benign
6,2,Gator,Benign
5,2,Emotet,Benign
0,2,180solutions,Benign
15,2,Zeus,Benign
11,2,Scar,Benign
8,2,Pysa,Benign
6,2,Gator,Benign
1,10,Ako,Refroso
15,2,Zeus,Benign
13,2,TIBS,Benign
10,2,Refroso,Benign
6,2,Gator,Benign
14,2,Transponder,Benign
3,2,CWS,Benign
7,2,Maze,Benign
5,2,Emotet,Benign
12,2,Shade,Benign
10,2,Refroso,Benign
7,2,Maze,Benign
11,2,Scar,Benign
10,2,Refroso,Benign
14,10,Transponder,Refroso
5,2,Emotet,Benign
4,2,Conti,Benign
4,2,Conti,Benign
13,2,TIBS,Benign
11,2,Scar,Benign
12,9,Shade,Reconyc
1,2,Ako,Benign
13,2,TIBS,Benign
4,2,Conti,Benign
9,2,Reconyc,Benign
8,2,Pysa,Benign
1,9,Ako,Reconyc
6,2,Gator,Benign
0,2,180solutions,Benign
8,2,Pysa,Benign
9,9,Reconyc,Reconyc
14,10,Transponder,Refroso
15,2,Zeus,Benign
1,2,Ako,Benign
5,2,Emotet,Benign
6,2,Gator,Benign
13,9,TIBS,Reconyc
14,2,Transponder,Benign
11,2,Scar,Benign
14,10,Transponder,Refroso
10,2,Refroso,Benign
3,2,CWS,Benign
13,2,TIBS,Benign
14,2,Transponder,Benign
5,2,Emotet,Benign
9,2,Reconyc,Benign
14,2,Transponder,Benign
1,2,Ako,Benign
4,2,Conti,Benign
14,2,Transponder,Benign
0,2,180solutions,Benign
8,15,Pysa,Zeus
9,2,Reconyc,Benign
15,2,Zeus,Benign
14,2,Transponder,Benign
0,2,180solutions,Benign
0,2,180solutions,Benign
12,2,Shade,Benign
8,3,Pysa,CWS
5,2,Emotet,Benign
15,2,Zeus,Benign
6,2,Gator,Benign
7,2,Maze,Benign
9,2,Reconyc,Benign
11,2,Scar,Benign
5,2,Emotet,Benign
10,2,Refroso,Benign
5,2,Emotet,Benign
7,2,Maze,Benign
12,2,Shade,Benign
0,2,180solutions,Benign
4,2,Conti,Benign
4,2,Conti,Benign
13,2,TIBS,Benign
14,2,Transponder,Benign
9,2,Reconyc,Benign
0,10,180solutions,Refroso
0,2,180solutions,Benign
6,2,Gator,Benign
15,2,Zeus,Benign
10,2,Refroso,Benign
11,2,Scar,Benign
12,9,Shade,Reconyc
11,2,Scar,Benign
13,2,TIBS,Benign
14,2,Transponder,Benign
0,2,180solutions,Benign
13,11,TIBS,Scar
13,2,TIBS,Benign
0,2,180solutions,Benign
8,2,Pysa,Benign
14,10,Transponder,Refroso
15,2,Zeus,Benign
9,2,Reconyc,Benign
1,2,Ako,Benign
6,2,Gator,Benign
11,2,Scar,Benign
6,2,Gator,Benign
10,2,Refroso,Benign
15,2,Zeus,Benign
11,2,Scar,Benign
7,2,Maze,Benign
5,2,Emotet,Benign
12,2,Shade,Benign
7,2,Maze,Benign
5,2,Emotet,Benign
13,2,TIBS,Benign
8,2,Pysa,Benign
4,2,Conti,Benign
4,2,Conti,Benign
3,2,CWS,Benign
8,2,Pysa,Benign
5,2,Emotet,Benign
8,2,Pysa,Benign
6,2,Gator,Benign
11,2,Scar,Benign
4,2,Conti,Benign
11,2,Scar,Benign
11,2,Scar,Benign
0,2,180solutions,Benign
0,2,180solutions,Benign
0,2,180solutions,Benign
9,2,Reconyc,Benign
4,2,Conti,Benign
0,2,180solutions,Benign
0,14,180solutions,Transponder
6,2,Gator,Benign
1,2,Ako,Benign
1,2,Ako,Benign
5,2,Emotet,Benign
6,2,Gator,Benign
12,9,Shade,Reconyc
1,2,Ako,Benign
1,2,Ako,Benign
4,2,Conti,Benign
3,10,CWS,Refroso
1,10,Ako,Refroso
7,2,Maze,Benign
10,2,Refroso,Benign
10,2,Refroso,Benign
1,2,Ako,Benign
4,2,Conti,Benign
4,2,Conti,Benign
11,2,Scar,Benign
9,2,Reconyc,Benign
12,2,Shade,Benign
11,2,Scar,Benign
11,2,Scar,Benign
3,2,CWS,Benign
14,2,Transponder,Benign
9,9,Reconyc,Reconyc
15,2,Zeus,Benign
11,2,Scar,Benign
15,2,Zeus,Benign
7,2,Maze,Benign
13,2,TIBS,Benign
11,2,Scar,Benign
9,2,Reconyc,Benign
10,2,Refroso,Benign
15,2,Zeus,Benign
4,2,Conti,Benign
3,2,CWS,Benign
7,2,Maze,Benign
6,2,Gator,Benign
1,2,Ako,Benign
9,2,Reconyc,Benign
6,2,Gator,Benign
3,2,CWS,Benign
10,2,Refroso,Benign
14,2,Transponder,Benign
15,2,Zeus,Benign
8,2,Pysa,Benign
14,2,Transponder,Benign
7,2,Maze,Benign
7,2,Maze,Benign
0,2,180solutions,Benign
8,11,Pysa,Scar
4,2,Conti,Benign
12,2,Shade,Benign
1,2,Ako,Benign
13,2,TIBS,Benign
14,2,Transponder,Benign
1,10,Ako,Refroso
9,2,Reconyc,Benign
9,2,Reconyc,Benign
14,10,Transponder,Refroso
3,2,CWS,Benign
15,2,Zeus,Benign
10,2,Refroso,Benign
7,2,Maze,Benign
12,9,Shade,Reconyc
9,2,Reconyc,Benign
8,2,Pysa,Benign
9,2,Reconyc,Benign
14,10,Transponder,Refroso
3,2,CWS,Benign
13,2,TIBS,Benign
6,2,Gator,Benign
8,2,Pysa,Benign
14,2,Transponder,Benign
3,2,CWS,Benign
13,2,TIBS,Benign
0,2,180solutions,Benign
6,2,Gator,Benign
12,2,Shade,Benign
12,2,Shade,Benign
0,2,180solutions,Benign
8,2,Pysa,Benign
12,2,Shade,Benign
10,2,Refroso,Benign
10,2,Refroso,Benign
10,2,Refroso,Benign
6,2,Gator,Benign
3,10,CWS,Refroso
3,10,CWS,Refroso
9,2,Reconyc,Benign
5,2,Emotet,Benign
3,2,CWS,Benign
10,2,Refroso,Benign
7,2,Maze,Benign
13,11,TIBS,Scar
14,2,Transponder,Benign
3,10,CWS,Refroso
11,9,Scar,Reconyc
3,2,CWS,Benign
6,2,Gator,Benign
13,10,TIBS,Refroso
0,2,180solutions,Benign
15,2,Zeus,Benign
7,10,Maze,Refroso
9,2,Reconyc,Benign
6,2,Gator,Benign
5,2,Emotet,Benign
9,2,Reconyc,Benign
8,2,Pysa,Benign
3,2,CWS,Benign
6,2,Gator,Benign
14,5,Transponder,Emotet
11,9,Scar,Reconyc
12,2,Shade,Benign
12,2,Shade,Benign
14,2,Transponder,Benign
1,2,Ako,Benign
3,10,CWS,Refroso
10,2,Refroso,Benign
14,2,Transponder,Benign
8,2,Pysa,Benign
6,2,Gator,Benign
3,2,CWS,Benign
7,10,Maze,Refroso
14,2,Transponder,Benign
14,2,Transponder,Benign
12,2,Shade,Benign
8,2,Pysa,Benign
5,2,Emotet,Benign
14,2,Transponder,Benign
4,2,Conti,Benign
11,2,Scar,Benign
12,2,Shade,Benign
9,2,Reconyc,Benign
10,2,Refroso,Benign
5,2,Emotet,Benign
15,2,Zeus,Benign
1,10,Ako,Refroso
7,2,Maze,Benign
5,2,Emotet,Benign
6,2,Gator,Benign
11,2,Scar,Benign
7,2,Maze,Benign
14,2,Transponder,Benign
7,2,Maze,Benign
3,3,CWS,CWS
8,2,Pysa,Benign
11,2,Scar,Benign
1,9,Ako,Reconyc
12,2,Shade,Benign
12,2,Shade,Benign
3,2,CWS,Benign
12,2,Shade,Benign
11,2,Scar,Benign
8,2,Pysa,Benign
9,2,Reconyc,Benign
11,2,Scar,Benign
8,3,Pysa,CWS
10,9,Refroso,Reconyc
1,2,Ako,Benign
11,2,Scar,Benign
11,2,Scar,Benign
14,2,Transponder,Benign
8,2,Pysa,Benign
10,2,Refroso,Benign
10,2,Refroso,Benign
6,2,Gator,Benign
10,2,Refroso,Benign
5,2,Emotet,Benign
11,2,Scar,Benign
3,10,CWS,Refroso
12,2,Shade,Benign
12,2,Shade,Benign
7,2,Maze,Benign
9,2,Reconyc,Benign
0,2,180solutions,Benign
15,2,Zeus,Benign
7,2,Maze,Benign
7,2,Maze,Benign
14,2,Transponder,Benign
1,10,Ako,Refroso
5,2,Emotet,Benign
13,2,TIBS,Benign
5,2,Emotet,Benign
12,2,Shade,Benign
1,2,Ako,Benign
14,10,Transponder,Refroso
12,2,Shade,Benign
9,2,Reconyc,Benign
9,2,Reconyc,Benign
3,2,CWS,Benign
11,2,Scar,Benign
0,2,180solutions,Benign
14,2,Transponder,Benign
13,2,TIBS,Benign
1,2,Ako,Benign
9,2,Reconyc,Benign
1,2,Ako,Benign
4,9,Conti,Reconyc
0,2,180solutions,Benign
1,10,Ako,Refroso
10,2,Refroso,Benign
14,2,Transponder,Benign
9,2,Reconyc,Benign
5,2,Emotet,Benign
7,2,Maze,Benign
13,9,TIBS,Reconyc
7,2,Maze,Benign
6,2,Gator,Benign
10,2,Refroso,Benign
0,2,180solutions,Benign
14,2,Transponder,Benign
11,2,Scar,Benign
14,2,Transponder,Benign
1,2,Ako,Benign
8,2,Pysa,Benign
14,2,Transponder,Benign
6,2,Gator,Benign
11,2,Scar,Benign
13,11,TIBS,Scar
3,2,CWS,Benign
8,2,Pysa,Benign
4,2,Conti,Benign
7,2,Maze,Benign
10,2,Refroso,Benign
6,2,Gator,Benign
0,2,180solutions,Benign
5,2,Emotet,Benign
7,2,Maze,Benign
3,2,CWS,Benign
14,2,Transponder,Benign
12,2,Shade,Benign
11,2,Scar,Benign
4,2,Conti,Benign
0,2,180solutions,Benign
7,2,Maze,Benign
6,2,Gator,Benign
10,2,Refroso,Benign
0,2,180solutions,Benign
11,2,Scar,Benign
8,2,Pysa,Benign
13,2,TIBS,Benign
12,2,Shade,Benign
1,2,Ako,Benign
11,2,Scar,Benign
14,2,Transponder,Benign
5,2,Emotet,Benign
10,2,Refroso,Benign
4,2,Conti,Benign
8,2,Pysa,Benign
6,2,Gator,Benign
0,2,180solutions,Benign
15,2,Zeus,Benign
13,2,TIBS,Benign
10,2,Refroso,Benign
4,2,Conti,Benign
15,9,Zeus,Reconyc
6,2,Gator,Benign
1,10,Ako,Refroso
3,2,CWS,Benign
8,2,Pysa,Benign
5,2,Emotet,Benign
11,2,Scar,Benign
10,2,Refroso,Benign
14,15,Transponder,Zeus
5,2,Emotet,Benign
6,2,Gator,Benign
9,2,Reconyc,Benign
6,9,Gator,Reconyc
15,2,Zeus,Benign
7,2,Maze,Benign
10,2,Refroso,Benign
3,2,CWS,Benign
11,2,Scar,Benign
14,2,Transponder,Benign
5,2,Emotet,Benign
13,2,TIBS,Benign
15,2,Zeus,Benign
1,2,Ako,Benign
5,2,Emotet,Benign
14,2,Transponder,Benign
12,2,Shade,Benign
4,2,Conti,Benign
0,2,180solutions,Benign
14,2,Transponder,Benign
13,10,TIBS,Refroso
12,2,Shade,Benign
7,2,Maze,Benign
14,2,Transponder,Benign
6,2,Gator,Benign
12,2,Shade,Benign
15,2,Zeus,Benign
11,2,Scar,Benign
14,2,Transponder,Benign
9,2,Reconyc,Benign
10,2,Refroso,Benign
1,2,Ako,Benign
11,2,Scar,Benign
10,2,Refroso,Benign
9,2,Reconyc,Benign
12,2,Shade,Benign
15,2,Zeus,Benign
10,2,Refroso,Benign
10,2,Refroso,Benign
1,2,Ako,Benign
10,2,Refroso,Benign
12,2,Shade,Benign
3,2,CWS,Benign
14,10,Transponder,Refroso
6,2,Gator,Benign
5,2,Emotet,Benign
6,2,Gator,Benign
4,2,Conti,Benign
12,2,Shade,Benign
8,2,Pysa,Benign
1,2,Ako,Benign
0,2,180solutions,Benign
11,2,Scar,Benign
12,2,Shade,Benign
3,3,CWS,CWS
15,2,Zeus,Benign
0,2,180solutions,Benign
4,2,Conti,Benign
9,9,Reconyc,Reconyc
9,2,Reconyc,Benign
8,2,Pysa,Benign
15,2,Zeus,Benign
0,2,180solutions,Benign
0,2,180solutions,Benign
10,2,Refroso,Benign
12,2,Shade,Benign
8,2,Pysa,Benign
5,2,Emotet,Benign
14,2,Transponder,Benign
9,2,Reconyc,Benign
10,2,Refroso,Benign
8,10,Pysa,Refroso
3,10,CWS,Refroso
6,2,Gator,Benign
0,11,180solutions,Scar
13,9,TIBS,Reconyc
14,2,Transponder,Benign
11,2,Scar,Benign
5,2,Emotet,Benign
11,2,Scar,Benign
4,2,Conti,Benign
11,2,Scar,Benign
5,2,Emotet,Benign
12,2,Shade,Benign
5,2,Emotet,Benign
5,2,Emotet,Benign
14,2,Transponder,Benign
8,2,Pysa,Benign
1,2,Ako,Benign
12,2,Shade,Benign
14,2,Transponder,Benign
7,2,Maze,Benign
5,2,Emotet,Benign
15,2,Zeus,Benign
12,2,Shade,Benign
9,2,Reconyc,Benign
1,10,Ako,Refroso
1,2,Ako,Benign
12,2,Shade,Benign
3,2,CWS,Benign
1,3,Ako,CWS
8,2,Pysa,Benign
1,2,Ako,Benign
14,2,Transponder,Benign
14,2,Transponder,Benign
9,2,Reconyc,Benign
12,2,Shade,Benign
14,2,Transponder,Benign
12,9,Shade,Reconyc
15,10,Zeus,Refroso
10,2,Refroso,Benign
13,10,TIBS,Refroso
12,2,Shade,Benign
9,2,Reconyc,Benign
1,10,Ako,Refroso
4,2,Conti,Benign
14,10,Transponder,Refroso
13,11,TIBS,Scar
1,3,Ako,CWS
15,2,Zeus,Benign
13,2,TIBS,Benign
11,2,Scar,Benign
0,2,180solutions,Benign
5,2,Emotet,Benign
12,2,Shade,Benign
12,2,Shade,Benign
0,2,180solutions,Benign
6,2,Gator,Benign
6,2,Gator,Benign
8,2,Pysa,Benign
3,2,CWS,Benign
1,10,Ako,Refroso
12,2,Shade,Benign
8,2,Pysa,Benign
15,2,Zeus,Benign
9,2,Reconyc,Benign
11,2,Scar,Benign
10,2,Refroso,Benign
10,2,Refroso,Benign
15,2,Zeus,Benign
3,2,CWS,Benign
8,2,Pysa,Benign
8,2,Pysa,Benign
11,2,Scar,Benign
3,2,CWS,Benign
14,2,Transponder,Benign
11,2,Scar,Benign
5,2,Emotet,Benign
13,2,TIBS,Benign
12,2,Shade,Benign
14,2,Transponder,Benign
9,2,Reconyc,Benign
15,2,Zeus,Benign
13,11,TIBS,Scar
12,2,Shade,Benign
7,2,Maze,Benign
10,2,Refroso,Benign
12,2,Shade,Benign
14,10,Transponder,Refroso
5,2,Emotet,Benign
10,2,Refroso,Benign
5,2,Emotet,Benign
11,2,Scar,Benign
4,2,Conti,Benign
1,2,Ako,Benign
4,2,Conti,Benign
7,2,Maze,Benign
5,2,Emotet,Benign
6,2,Gator,Benign
12,2,Shade,Benign
12,2,Shade,Benign
4,2,Conti,Benign
14,2,Transponder,Benign
12,2,Shade,Benign
12,2,Shade,Benign
0,2,180solutions,Benign
3,2,CWS,Benign
14,2,Transponder,Benign
6,2,Gator,Benign
15,2,Zeus,Benign
14,10,Transponder,Refroso
4,9,Conti,Reconyc
14,2,Transponder,Benign
14,2,Transponder,Benign
5,2,Emotet,Benign
4,9,Conti,Reconyc
1,2,Ako,Benign
0,9,180solutions,Reconyc
12,2,Shade,Benign
1,2,Ako,Benign
10,2,Refroso,Benign
13,2,TIBS,Benign
11,2,Scar,Benign
9,2,Reconyc,Benign
12,2,Shade,Benign
4,2,Conti,Benign
7,2,Maze,Benign
15,2,Zeus,Benign
4,2,Conti,Benign
15,2,Zeus,Benign
14,2,Transponder,Benign
6,1,Gator,Ako
0,2,180solutions,Benign
7,9,Maze,Reconyc
1,2,Ako,Benign
11,2,Scar,Benign
14,2,Transponder,Benign
1,2,Ako,Benign
15,2,Zeus,Benign
15,2,Zeus,Benign
8,2,Pysa,Benign
13,2,TIBS,Benign
6,2,Gator,Benign
1,3,Ako,CWS
12,9,Shade,Reconyc
5,2,Emotet,Benign
11,2,Scar,Benign
12,2,Shade,Benign
15,2,Zeus,Benign
9,2,Reconyc,Benign
4,11,Conti,Scar
11,2,Scar,Benign
15,2,Zeus,Benign
0,2,180solutions,Benign
12,2,Shade,Benign
6,2,Gator,Benign
8,2,Pysa,Benign
14,2,Transponder,Benign
8,2,Pysa,Benign
4,2,Conti,Benign
14,2,Transponder,Benign
8,2,Pysa,Benign
1,10,Ako,Refroso
9,2,Reconyc,Benign
0,2,180solutions,Benign
12,2,Shade,Benign
9,2,Reconyc,Benign
8,2,Pysa,Benign
15,2,Zeus,Benign
4,2,Conti,Benign
7,2,Maze,Benign
0,9,180solutions,Reconyc
9,2,Reconyc,Benign
3,2,CWS,Benign
4,2,Conti,Benign
11,2,Scar,Benign
1,2,Ako,Benign
15,2,Zeus,Benign
15,0,Zeus,180solutions
5,2,Emotet,Benign
15,0,Zeus,180solutions
5,5,Emotet,Emotet
9,2,Reconyc,Benign
6,2,Gator,Benign
0,2,180solutions,Benign
12,2,Shade,Benign
7,2,Maze,Benign
3,3,CWS,CWS
5,2,Emotet,Benign
5,2,Emotet,Benign
13,10,TIBS,Refroso
3,2,CWS,Benign
11,2,Scar,Benign
11,2,Scar,Benign
14,2,Transponder,Benign
8,2,Pysa,Benign
15,2,Zeus,Benign
7,2,Maze,Benign
12,2,Shade,Benign
12,2,Shade,Benign
5,2,Emotet,Benign
15,2,Zeus,Benign
11,2,Scar,Benign
1,2,Ako,Benign
11,2,Scar,Benign
6,2,Gator,Benign
11,2,Scar,Benign
6,2,Gator,Benign
10,2,Refroso,Benign
13,8,TIBS,Pysa
6,2,Gator,Benign
9,2,Reconyc,Benign
7,2,Maze,Benign
6,2,Gator,Benign
0,2,180solutions,Benign
7,2,Maze,Benign
1,2,Ako,Benign
5,2,Emotet,Benign
10,2,Refroso,Benign
5,2,Emotet,Benign
0,2,180solutions,Benign
3,2,CWS,Benign
9,2,Reconyc,Benign
10,2,Refroso,Benign
1,2,Ako,Benign
12,2,Shade,Benign
0,2,180solutions,Benign
0,2,180solutions,Benign
3,10,CWS,Refroso
12,2,Shade,Benign
1,9,Ako,Reconyc
14,2,Transponder,Benign
13,5,TIBS,Emotet
15,2,Zeus,Benign
14,10,Transponder,Refroso
14,2,Transponder,Benign
0,2,180solutions,Benign
5,2,Emotet,Benign
0,9,180solutions,Reconyc
13,11,TIBS,Scar
1,2,Ako,Benign
6,2,Gator,Benign
0,9,180solutions,Reconyc
3,10,CWS,Refroso
8,2,Pysa,Benign
6,2,Gator,Benign
0,2,180solutions,Benign
14,2,Transponder,Benign
11,2,Scar,Benign
1,2,Ako,Benign
6,2,Gator,Benign
6,2,Gator,Benign
4,2,Conti,Benign
8,2,Pysa,Benign
11,2,Scar,Benign
6,2,Gator,Benign
11,2,Scar,Benign
14,2,Transponder,Benign
0,2,180solutions,Benign
5,2,Emotet,Benign
14,10,Transponder,Refroso
12,2,Shade,Benign
15,2,Zeus,Benign
10,2,Refroso,Benign
15,2,Zeus,Benign
13,2,TIBS,Benign
9,2,Reconyc,Benign
8,3,Pysa,CWS
15,0,Zeus,180solutions
0,2,180solutions,Benign
14,2,Transponder,Benign
12,2,Shade,Benign
1,2,Ako,Benign
4,2,Conti,Benign
15,2,Zeus,Benign
3,2,CWS,Benign
13,2,TIBS,Benign
14,2,Transponder,Benign
3,2,CWS,Benign
3,2,CWS,Benign
0,2,180solutions,Benign
7,10,Maze,Refroso
4,2,Conti,Benign
4,2,Conti,Benign
12,2,Shade,Benign
13,9,TIBS,Reconyc
15,2,Zeus,Benign
6,2,Gator,Benign
6,2,Gator,Benign
0,2,180solutions,Benign
9,2,Reconyc,Benign
11,2,Scar,Benign
0,2,180solutions,Benign
5,2,Emotet,Benign
10,2,Refroso,Benign
11,2,Scar,Benign
11,2,Scar,Benign
11,2,Scar,Benign
14,2,Transponder,Benign
10,2,Refroso,Benign
13,2,TIBS,Benign
6,2,Gator,Benign
5,2,Emotet,Benign
9,2,Reconyc,Benign
11,2,Scar,Benign
3,9,CWS,Reconyc
12,2,Shade,Benign
0,2,180solutions,Benign
9,2,Reconyc,Benign
0,2,180solutions,Benign
14,10,Transponder,Refroso
5,2,Emotet,Benign
0,2,180solutions,Benign
15,2,Zeus,Benign
11,2,Scar,Benign
11,2,Scar,Benign
14,2,Transponder,Benign
1,2,Ako,Benign
11,8,Scar,Pysa
6,2,Gator,Benign
9,2,Reconyc,Benign
9,11,Reconyc,Scar
13,2,TIBS,Benign
0,2,180solutions,Benign
12,1,Shade,Ako
14,2,Transponder,Benign
5,2,Emotet,Benign
12,2,Shade,Benign
3,10,CWS,Refroso
4,2,Conti,Benign
13,2,TIBS,Benign
0,10,180solutions,Refroso
14,10,Transponder,Refroso
1,2,Ako,Benign
1,2,Ako,Benign
13,11,TIBS,Scar
4,2,Conti,Benign
14,10,Transponder,Refroso
4,2,Conti,Benign
10,2,Refroso,Benign
12,2,Shade,Benign
13,8,TIBS,Pysa
14,2,Transponder,Benign
11,9,Scar,Reconyc
10,2,Refroso,Benign
9,2,Reconyc,Benign
12,2,Shade,Benign
5,2,Emotet,Benign
7,2,Maze,Benign
5,2,Emotet,Benign
11,2,Scar,Benign
3,2,CWS,Benign
4,3,Conti,CWS
7,2,Maze,Benign
12,2,Shade,Benign
13,2,TIBS,Benign
4,2,Conti,Benign
8,2,Pysa,Benign
5,2,Emotet,Benign
11,5,Scar,Emotet
8,2,Pysa,Benign
12,2,Shade,Benign
3,9,CWS,Reconyc
7,2,Maze,Benign
5,2,Emotet,Benign
6,2,Gator,Benign
15,0,Zeus,180solutions
12,2,Shade,Benign
10,2,Refroso,Benign
0,2,180solutions,Benign
5,2,Emotet,Benign
1,2,Ako,Benign
7,2,Maze,Benign
10,2,Refroso,Benign
12,2,Shade,Benign
10,2,Refroso,Benign
10,2,Refroso,Benign
11,2,Scar,Benign
14,2,Transponder,Benign
6,9,Gator,Reconyc
13,2,TIBS,Benign
8,2,Pysa,Benign
9,2,Reconyc,Benign
15,2,Zeus,Benign
11,2,Scar,Benign
1,10,Ako,Refroso
14,2,Transponder,Benign
14,2,Transponder,Benign
0,2,180solutions,Benign
7,2,Maze,Benign
6,2,Gator,Benign
4,2,Conti,Benign
11,1,Scar,Ako
0,2,180solutions,Benign
7,9,Maze,Reconyc
1,2,Ako,Benign
14,2,Transponder,Benign
7,2,Maze,Benign
9,2,Reconyc,Benign
14,2,Transponder,Benign
10,2,Refroso,Benign
5,9,Emotet,Reconyc
6,2,Gator,Benign
1,2,Ako,Benign
7,2,Maze,Benign
11,2,Scar,Benign
13,11,TIBS,Scar
12,2,Shade,Benign
7,2,Maze,Benign
1,10,Ako,Refroso
4,11,Conti,Scar
0,2,180solutions,Benign
13,11,TIBS,Scar
6,2,Gator,Benign
10,2,Refroso,Benign
3,10,CWS,Refroso
11,2,Scar,Benign
14,2,Transponder,Benign
4,2,Conti,Benign
0,2,180solutions,Benign
12,2,Shade,Benign
5,2,Emotet,Benign
7,2,Maze,Benign
12,2,Shade,Benign
4,2,Conti,Benign
14,2,Transponder,Benign
12,2,Shade,Benign
11,9,Scar,Reconyc
7,2,Maze,Benign
13,2,TIBS,Benign
7,2,Maze,Benign
9,2,Reconyc,Benign
14,2,Transponder,Benign
0,2,180solutions,Benign
1,2,Ako,Benign
7,2,Maze,Benign
10,2,Refroso,Benign
13,2,TIBS,Benign
12,2,Shade,Benign
11,2,Scar,Benign
15,2,Zeus,Benign
13,2,TIBS,Benign
0,2,180solutions,Benign
3,2,CWS,Benign
11,2,Scar,Benign
14,2,Transponder,Benign
10,9,Refroso,Reconyc
11,2,Scar,Benign
11,2,Scar,Benign
10,2,Refroso,Benign
10,2,Refroso,Benign
8,0,Pysa,180solutions
10,2,Refroso,Benign
4,2,Conti,Benign
15,2,Zeus,Benign
11,2,Scar,Benign
1,2,Ako,Benign
8,2,Pysa,Benign
0,2,180solutions,Benign
15,2,Zeus,Benign
9,2,Reconyc,Benign
6,2,Gator,Benign
15,2,Zeus,Benign
5,2,Emotet,Benign
9,2,Reconyc,Benign
12,2,Shade,Benign
7,9,Maze,Reconyc
12,2,Shade,Benign
1,2,Ako,Benign
14,10,Transponder,Refroso
5,2,Emotet,Benign
5,2,Emotet,Benign
12,2,Shade,Benign
0,2,180solutions,Benign
3,2,CWS,Benign
10,2,Refroso,Benign
10,2,Refroso,Benign
14,2,Transponder,Benign
12,2,Shade,Benign
3,2,CWS,Benign
3,10,CWS,Refroso
12,2,Shade,Benign
8,3,Pysa,CWS
5,2,Emotet,Benign
10,2,Refroso,Benign
3,2,CWS,Benign
13,10,TIBS,Refroso
4,2,Conti,Benign
4,9,Conti,Reconyc
13,2,TIBS,Benign
10,2,Refroso,Benign
14,2,Transponder,Benign
0,1,180solutions,Ako
10,2,Refroso,Benign
13,11,TIBS,Scar
10,2,Refroso,Benign
15,2,Zeus,Benign
9,2,Reconyc,Benign
12,2,Shade,Benign
1,10,Ako,Refroso
0,2,180solutions,Benign
0,2,180solutions,Benign
3,10,CWS,Refroso
9,2,Reconyc,Benign
14,2,Transponder,Benign
8,2,Pysa,Benign
7,10,Maze,Refroso
6,2,Gator,Benign
14,2,Transponder,Benign
7,2,Maze,Benign
13,2,TIBS,Benign
11,2,Scar,Benign
14,2,Transponder,Benign
4,2,Conti,Benign
14,10,Transponder,Refroso
14,3,Transponder,CWS
15,2,Zeus,Benign
8,0,Pysa,180solutions
7,2,Maze,Benign
9,2,Reconyc,Benign
10,2,Refroso,Benign
8,2,Pysa,Benign
12,2,Shade,Benign
11,2,Scar,Benign
3,10,CWS,Refroso
14,2,Transponder,Benign
15,2,Zeus,Benign
12,2,Shade,Benign
14,2,Transponder,Benign
12,2,Shade,Benign
3,10,CWS,Refroso
11,2,Scar,Benign
11,2,Scar,Benign
12,2,Shade,Benign
12,2,Shade,Benign
10,9,Refroso,Reconyc
14,2,Transponder,Benign
14,10,Transponder,Refroso
7,2,Maze,Benign
5,2,Emotet,Benign
11,2,Scar,Benign
15,2,Zeus,Benign
1,10,Ako,Refroso
6,2,Gator,Benign
14,2,Transponder,Benign
1,10,Ako,Refroso
15,2,Zeus,Benign
11,2,Scar,Benign
11,2,Scar,Benign
13,2,TIBS,Benign
7,2,Maze,Benign
3,2,CWS,Benign
10,2,Refroso,Benign
6,2,Gator,Benign
11,2,Scar,Benign
7,2,Maze,Benign
4,2,Conti,Benign
7,2,Maze,Benign
5,2,Emotet,Benign
1,3,Ako,CWS
3,2,CWS,Benign
7,2,Maze,Benign
10,2,Refroso,Benign
8,2,Pysa,Benign
13,11,TIBS,Scar
14,10,Transponder,Refroso
1,9,Ako,Reconyc
14,2,Transponder,Benign
9,2,Reconyc,Benign
8,10,Pysa,Refroso
7,2,Maze,Benign
12,2,Shade,Benign
14,2,Transponder,Benign
13,2,TIBS,Benign
7,2,Maze,Benign
0,2,180solutions,Benign
13,2,TIBS,Benign
4,3,Conti,CWS
6,2,Gator,Benign
1,10,Ako,Refroso
4,2,Conti,Benign
5,2,Emotet,Benign
13,9,TIBS,Reconyc
11,2,Scar,Benign
7,2,Maze,Benign
0,2,180solutions,Benign
3,2,CWS,Benign
3,10,CWS,Refroso
9,2,Reconyc,Benign
9,11,Reconyc,Scar
11,2,Scar,Benign
6,2,Gator,Benign
3,2,CWS,Benign
15,2,Zeus,Benign
13,9,TIBS,Reconyc
11,2,Scar,Benign
1,10,Ako,Refroso
7,11,Maze,Scar
6,2,Gator,Benign
15,2,Zeus,Benign
6,2,Gator,Benign
15,2,Zeus,Benign
6,2,Gator,Benign
1,2,Ako,Benign
3,2,CWS,Benign
3,2,CWS,Benign
7,2,Maze,Benign
6,2,Gator,Benign
14,2,Transponder,Benign
12,2,Shade,Benign
12,2,Shade,Benign
5,2,Emotet,Benign
7,2,Maze,Benign
3,2,CWS,Benign
4,2,Conti,Benign
13,11,TIBS,Scar
6,2,Gator,Benign
3,2,CWS,Benign
15,2,Zeus,Benign
10,2,Refroso,Benign
8,2,Pysa,Benign
15,0,Zeus,180solutions
14,2,Transponder,Benign
15,0,Zeus,180solutions
5,2,Emotet,Benign
13,11,TIBS,Scar
11,2,Scar,Benign
9,2,Reconyc,Benign
13,11,TIBS,Scar
4,2,Conti,Benign
5,2,Emotet,Benign
10,2,Refroso,Benign
5,2,Emotet,Benign
8,3,Pysa,CWS
3,2,CWS,Benign
0,2,180solutions,Benign
1,2,Ako,Benign
3,2,CWS,Benign
15,2,Zeus,Benign
1,2,Ako,Benign
7,2,Maze,Benign
8,2,Pysa,Benign
1,2,Ako,Benign
1,2,Ako,Benign
0,2,180solutions,Benign
3,2,CWS,Benign
3,9,CWS,Reconyc
8,3,Pysa,CWS
8,2,Pysa,Benign
10,2,Refroso,Benign
10,2,Refroso,Benign
6,2,Gator,Benign
4,2,Conti,Benign
7,2,Maze,Benign
7,10,Maze,Refroso
7,2,Maze,Benign
14,10,Transponder,Refroso
15,2,Zeus,Benign
8,2,Pysa,Benign
4,2,Conti,Benign
9,2,Reconyc,Benign
12,9,Shade,Reconyc
0,2,180solutions,Benign
12,2,Shade,Benign
12,9,Shade,Reconyc
6,2,Gator,Benign
5,2,Emotet,Benign
9,2,Reconyc,Benign
9,2,Reconyc,Benign
6,2,Gator,Benign
0,2,180solutions,Benign
8,10,Pysa,Refroso
4,2,Conti,Benign
4,2,Conti,Benign
3,2,CWS,Benign
4,2,Conti,Benign
10,2,Refroso,Benign
7,2,Maze,Benign
8,11,Pysa,Scar
4,2,Conti,Benign
7,2,Maze,Benign
3,2,CWS,Benign
0,2,180solutions,Benign
10,2,Refroso,Benign
1,2,Ako,Benign
3,2,CWS,Benign
1,2,Ako,Benign
11,2,Scar,Benign
7,2,Maze,Benign
1,2,Ako,Benign
0,2,180solutions,Benign
4,2,Conti,Benign
7,2,Maze,Benign
4,2,Conti,Benign
5,2,Emotet,Benign
4,2,Conti,Benign
11,2,Scar,Benign
12,2,Shade,Benign
10,2,Refroso,Benign
3,2,CWS,Benign
12,2,Shade,Benign
13,2,TIBS,Benign
3,2,CWS,Benign
14,2,Transponder,Benign
4,10,Conti,Refroso
8,2,Pysa,Benign
4,9,Conti,Reconyc
0,2,180solutions,Benign
6,2,Gator,Benign
12,2,Shade,Benign
6,2,Gator,Benign
12,2,Shade,Benign
4,2,Conti,Benign
12,2,Shade,Benign
4,2,Conti,Benign
10,2,Refroso,Benign
12,9,Shade,Reconyc
10,2,Refroso,Benign
4,2,Conti,Benign
15,2,Zeus,Benign
4,2,Conti,Benign
8,0,Pysa,180solutions
11,2,Scar,Benign
7,2,Maze,Benign
10,2,Refroso,Benign
7,2,Maze,Benign
10,2,Refroso,Benign
7,2,Maze,Benign
6,2,Gator,Benign
15,2,Zeus,Benign
5,2,Emotet,Benign
10,2,Refroso,Benign
0,2,180solutions,Benign
7,2,Maze,Benign
13,3,TIBS,CWS
11,2,Scar,Benign
13,2,TIBS,Benign
0,2,180solutions,Benign
5,2,Emotet,Benign
8,2,Pysa,Benign
4,2,Conti,Benign
15,2,Zeus,Benign
14,2,Transponder,Benign
6,2,Gator,Benign
11,2,Scar,Benign
5,2,Emotet,Benign
6,2,Gator,Benign
13,2,TIBS,Benign
10,2,Refroso,Benign
14,2,Transponder,Benign
10,2,Refroso,Benign
15,2,Zeus,Benign
3,2,CWS,Benign
5,2,Emotet,Benign
3,2,CWS,Benign
0,2,180solutions,Benign
5,2,Emotet,Benign
1,10,Ako,Refroso
12,2,Shade,Benign
0,2,180solutions,Benign
1,2,Ako,Benign
14,10,Transponder,Refroso
13,2,TIBS,Benign
0,2,180solutions,Benign
9,2,Reconyc,Benign
14,2,Transponder,Benign
4,2,Conti,Benign
12,2,Shade,Benign
15,2,Zeus,Benign
11,2,Scar,Benign
7,2,Maze,Benign
14,2,Transponder,Benign
10,2,Refroso,Benign
12,2,Shade,Benign
10,2,Refroso,Benign
0,2,180solutions,Benign
14,2,Transponder,Benign
9,2,Reconyc,Benign
15,2,Zeus,Benign
3,8,CWS,Pysa
14,2,Transponder,Benign
5,2,Emotet,Benign
7,2,Maze,Benign
5,2,Emotet,Benign
15,2,Zeus,Benign
3,2,CWS,Benign
3,2,CWS,Benign
0,2,180solutions,Benign
9,2,Reconyc,Benign
6,2,Gator,Benign
10,2,Refroso,Benign
7,2,Maze,Benign
12,2,Shade,Benign
1,2,Ako,Benign
0,2,180solutions,Benign
7,2,Maze,Benign
11,2,Scar,Benign
7,2,Maze,Benign
14,2,Transponder,Benign
6,2,Gator,Benign
12,9,Shade,Reconyc
13,2,TIBS,Benign
3,2,CWS,Benign
7,10,Maze,Refroso
6,2,Gator,Benign
4,2,Conti,Benign
6,2,Gator,Benign
1,2,Ako,Benign
12,2,Shade,Benign
11,2,Scar,Benign
6,9,Gator,Reconyc
0,2,180solutions,Benign
8,2,Pysa,Benign
3,2,CWS,Benign
9,2,Reconyc,Benign
8,2,Pysa,Benign
1,2,Ako,Benign
5,2,Emotet,Benign
9,2,Reconyc,Benign
7,8,Maze,Pysa
13,2,TIBS,Benign
11,2,Scar,Benign
15,2,Zeus,Benign
6,2,Gator,Benign
7,2,Maze,Benign
13,2,TIBS,Benign
4,9,Conti,Reconyc
4,2,Conti,Benign
10,2,Refroso,Benign
3,2,CWS,Benign
3,2,CWS,Benign
9,2,Reconyc,Benign
7,2,Maze,Benign
10,2,Refroso,Benign
14,2,Transponder,Benign
0,2,180solutions,Benign
9,2,Reconyc,Benign
11,2,Scar,Benign
13,2,TIBS,Benign
1,2,Ako,Benign
8,2,Pysa,Benign
10,2,Refroso,Benign
6,2,Gator,Benign
4,11,Conti,Scar
8,2,Pysa,Benign
12,2,Shade,Benign
1,2,Ako,Benign
4,2,Conti,Benign
0,1,180solutions,Ako
13,10,TIBS,Refroso
0,2,180solutions,Benign
3,10,CWS,Refroso
14,2,Transponder,Benign
14,2,Transponder,Benign
5,2,Emotet,Benign
5,2,Emotet,Benign
8,2,Pysa,Benign
6,2,Gator,Benign
10,2,Refroso,Benign
0,2,180solutions,Benign
8,2,Pysa,Benign
7,2,Maze,Benign
6,2,Gator,Benign
4,2,Conti,Benign
5,2,Emotet,Benign
4,2,Conti,Benign
7,2,Maze,Benign
5,2,Emotet,Benign
5,2,Emotet,Benign
5,2,Emotet,Benign
7,2,Maze,Benign
8,2,Pysa,Benign
6,2,Gator,Benign
15,2,Zeus,Benign
7,2,Maze,Benign
1,9,Ako,Reconyc
15,2,Zeus,Benign
14,2,Transponder,Benign
14,10,Transponder,Refroso
12,2,Shade,Benign
13,11,TIBS,Scar
8,2,Pysa,Benign
11,2,Scar,Benign
12,2,Shade,Benign
14,2,Transponder,Benign
14,10,Transponder,Refroso
7,2,Maze,Benign
0,2,180solutions,Benign
4,2,Conti,Benign
14,2,Transponder,Benign
11,2,Scar,Benign
9,2,Reconyc,Benign
0,2,180solutions,Benign
12,2,Shade,Benign
12,2,Shade,Benign
13,2,TIBS,Benign
5,2,Emotet,Benign
8,10,Pysa,Refroso
7,2,Maze,Benign
0,2,180solutions,Benign
8,2,Pysa,Benign
9,2,Reconyc,Benign
12,2,Shade,Benign
0,2,180solutions,Benign
5,2,Emotet,Benign
0,2,180solutions,Benign
13,10,TIBS,Refroso
15,2,Zeus,Benign
12,2,Shade,Benign
13,2,TIBS,Benign
15,2,Zeus,Benign
1,10,Ako,Refroso
4,2,Conti,Benign
10,2,Refroso,Benign
11,2,Scar,Benign
7,2,Maze,Benign
0,2,180solutions,Benign
11,2,Scar,Benign
10,2,Refroso,Benign
8,2,Pysa,Benign
5,2,Emotet,Benign
8,2,Pysa,Benign
9,2,Reconyc,Benign
0,2,180solutions,Benign
10,2,Refroso,Benign
3,2,CWS,Benign
10,2,Refroso,Benign
4,2,Conti,Benign
6,2,Gator,Benign
12,2,Shade,Benign
5,2,Emotet,Benign
15,15,Zeus,Zeus
3,2,CWS,Benign
5,2,Emotet,Benign
8,2,Pysa,Benign
14,2,Transponder,Benign
6,2,Gator,Benign
4,2,Conti,Benign
3,2,CWS,Benign
1,10,Ako,Refroso
15,0,Zeus,180solutions
5,8,Emotet,Pysa
7,2,Maze,Benign
7,2,Maze,Benign
1,10,Ako,Refroso
12,2,Shade,Benign
15,2,Zeus,Benign
6,2,Gator,Benign
13,11,TIBS,Scar
13,11,TIBS,Scar
7,2,Maze,Benign
15,2,Zeus,Benign
14,2,Transponder,Benign
14,10,Transponder,Refroso
4,2,Conti,Benign
15,2,Zeus,Benign
11,2,Scar,Benign
0,2,180solutions,Benign
6,2,Gator,Benign
3,2,CWS,Benign
7,10,Maze,Refroso
14,2,Transponder,Benign
3,2,CWS,Benign
13,2,TIBS,Benign
5,2,Emotet,Benign
13,2,TIBS,Benign
6,2,Gator,Benign
7,2,Maze,Benign
3,10,CWS,Refroso
12,9,Shade,Reconyc
0,2,180solutions,Benign
1,2,Ako,Benign
4,2,Conti,Benign
5,2,Emotet,Benign
13,2,TIBS,Benign
12,2,Shade,Benign
4,2,Conti,Benign
15,2,Zeus,Benign
6,2,Gator,Benign
6,2,Gator,Benign
4,2,Conti,Benign
0,8,180solutions,Pysa
6,2,Gator,Benign
0,2,180solutions,Benign
5,2,Emotet,Benign
3,2,CWS,Benign
6,2,Gator,Benign
12,2,Shade,Benign
4,2,Conti,Benign
1,2,Ako,Benign
1,2,Ako,Benign
8,2,Pysa,Benign
9,2,Reconyc,Benign
10,2,Refroso,Benign
1,5,Ako,Emotet
3,1,CWS,Ako
3,2,CWS,Benign
15,2,Zeus,Benign
7,2,Maze,Benign
15,2,Zeus,Benign
3,2,CWS,Benign
14,10,Transponder,Refroso
7,2,Maze,Benign
1,2,Ako,Benign
0,9,180solutions,Reconyc
11,2,Scar,Benign
13,2,TIBS,Benign
0,2,180solutions,Benign
9,2,Reconyc,Benign
10,2,Refroso,Benign
12,9,Shade,Reconyc
11,2,Scar,Benign
0,11,180solutions,Scar
7,9,Maze,Reconyc
4,2,Conti,Benign
1,2,Ako,Benign
4,2,Conti,Benign
5,2,Emotet,Benign
9,2,Reconyc,Benign
6,2,Gator,Benign
14,10,Transponder,Refroso
0,2,180solutions,Benign
11,2,Scar,Benign
9,2,Reconyc,Benign
6,2,Gator,Benign
9,2,Reconyc,Benign
4,9,Conti,Reconyc
11,2,Scar,Benign
14,10,Transponder,Refroso
10,2,Refroso,Benign
6,2,Gator,Benign
7,2,Maze,Benign
10,2,Refroso,Benign
4,2,Conti,Benign
9,2,Reconyc,Benign
14,2,Transponder,Benign
11,2,Scar,Benign
7,2,Maze,Benign
6,2,Gator,Benign
3,2,CWS,Benign
9,2,Reconyc,Benign
13,2,TIBS,Benign
12,2,Shade,Benign
15,2,Zeus,Benign
1,2,Ako,Benign
8,2,Pysa,Benign
6,2,Gator,Benign
12,2,Shade,Benign
4,2,Conti,Benign
0,2,180solutions,Benign
7,10,Maze,Refroso
11,2,Scar,Benign
13,2,TIBS,Benign
5,2,Emotet,Benign
3,2,CWS,Benign
3,3,CWS,CWS
11,2,Scar,Benign
3,2,CWS,Benign
12,2,Shade,Benign
8,10,Pysa,Refroso
6,2,Gator,Benign
0,2,180solutions,Benign
14,2,Transponder,Benign
14,2,Transponder,Benign
3,2,CWS,Benign
15,2,Zeus,Benign
12,2,Shade,Benign
9,2,Reconyc,Benign
13,2,TIBS,Benign
5,2,Emotet,Benign
13,2,TIBS,Benign
14,10,Transponder,Refroso
7,2,Maze,Benign
9,2,Reconyc,Benign
10,2,Refroso,Benign
13,11,TIBS,Scar
7,2,Maze,Benign
15,2,Zeus,Benign
0,2,180solutions,Benign
10,2,Refroso,Benign
7,2,Maze,Benign
15,2,Zeus,Benign
11,2,Scar,Benign
11,2,Scar,Benign
6,2,Gator,Benign
13,2,TIBS,Benign
5,2,Emotet,Benign
12,2,Shade,Benign
5,8,Emotet,Pysa
15,2,Zeus,Benign
12,2,Shade,Benign
15,2,Zeus,Benign
12,2,Shade,Benign
5,2,Emotet,Benign
4,2,Conti,Benign
3,2,CWS,Benign
1,2,Ako,Benign
6,2,Gator,Benign
1,2,Ako,Benign
10,2,Refroso,Benign
0,2,180solutions,Benign
6,2,Gator,Benign
8,10,Pysa,Refroso
12,2,Shade,Benign
5,2,Emotet,Benign
11,2,Scar,Benign
12,2,Shade,Benign
13,2,TIBS,Benign
11,2,Scar,Benign
4,2,Conti,Benign
0,2,180solutions,Benign
10,2,Refroso,Benign
8,2,Pysa,Benign
5,2,Emotet,Benign
13,11,TIBS,Scar
7,2,Maze,Benign
0,2,180solutions,Benign
7,2,Maze,Benign
14,2,Transponder,Benign
4,2,Conti,Benign
6,2,Gator,Benign
3,2,CWS,Benign
11,2,Scar,Benign
14,2,Transponder,Benign
9,2,Reconyc,Benign
14,2,Transponder,Benign
15,2,Zeus,Benign
10,2,Refroso,Benign
12,2,Shade,Benign
9,2,Reconyc,Benign
10,2,Refroso,Benign
4,2,Conti,Benign
14,2,Transponder,Benign
0,2,180solutions,Benign
8,2,Pysa,Benign
8,2,Pysa,Benign
3,3,CWS,CWS
5,5,Emotet,Emotet
10,2,Refroso,Benign
8,2,Pysa,Benign
10,2,Refroso,Benign
4,2,Conti,Benign
3,2,CWS,Benign
10,2,Refroso,Benign
3,2,CWS,Benign
11,2,Scar,Benign
4,2,Conti,Benign
14,2,Transponder,Benign
8,2,Pysa,Benign
12,2,Shade,Benign
3,2,CWS,Benign
13,2,TIBS,Benign
3,2,CWS,Benign
11,2,Scar,Benign
7,2,Maze,Benign
11,2,Scar,Benign
1,10,Ako,Refroso
0,2,180solutions,Benign
3,2,CWS,Benign
4,2,Conti,Benign
4,2,Conti,Benign
4,2,Conti,Benign
4,2,Conti,Benign
8,2,Pysa,Benign
11,2,Scar,Benign
1,2,Ako,Benign
14,2,Transponder,Benign
15,2,Zeus,Benign
13,2,TIBS,Benign
8,2,Pysa,Benign
15,2,Zeus,Benign
3,2,CWS,Benign
8,2,Pysa,Benign
8,10,Pysa,Refroso
10,2,Refroso,Benign
14,10,Transponder,Refroso
11,2,Scar,Benign
1,2,Ako,Benign
1,10,Ako,Refroso
4,2,Conti,Benign
12,2,Shade,Benign
0,2,180solutions,Benign
6,2,Gator,Benign
8,2,Pysa,Benign
5,2,Emotet,Benign
7,10,Maze,Refroso
14,10,Transponder,Refroso
0,2,180solutions,Benign
5,9,Emotet,Reconyc
6,2,Gator,Benign
9,2,Reconyc,Benign
12,2,Shade,Benign
15,3,Zeus,CWS
5,2,Emotet,Benign
4,2,Conti,Benign
7,10,Maze,Refroso
8,10,Pysa,Refroso
3,2,CWS,Benign
5,2,Emotet,Benign
6,2,Gator,Benign
3,8,CWS,Pysa
11,2,Scar,Benign
10,2,Refroso,Benign
5,2,Emotet,Benign
12,2,Shade,Benign
3,10,CWS,Refroso
3,2,CWS,Benign
14,2,Transponder,Benign
7,2,Maze,Benign
8,2,Pysa,Benign
15,0,Zeus,180solutions
7,10,Maze,Refroso
7,2,Maze,Benign
11,2,Scar,Benign
11,2,Scar,Benign
15,2,Zeus,Benign
6,2,Gator,Benign
11,2,Scar,Benign
14,2,Transponder,Benign
4,2,Conti,Benign
10,2,Refroso,Benign
8,2,Pysa,Benign
4,9,Conti,Reconyc
5,2,Emotet,Benign
14,10,Transponder,Refroso
0,2,180solutions,Benign
13,11,TIBS,Scar
0,2,180solutions,Benign
1,2,Ako,Benign
12,2,Shade,Benign
6,2,Gator,Benign
4,2,Conti,Benign
0,2,180solutions,Benign
5,2,Emotet,Benign
6,2,Gator,Benign
10,2,Refroso,Benign
11,2,Scar,Benign
12,2,Shade,Benign
4,2,Conti,Benign
4,2,Conti,Benign
9,2,Reconyc,Benign
9,2,Reconyc,Benign
8,2,Pysa,Benign
10,2,Refroso,Benign
15,2,Zeus,Benign
0,2,180solutions,Benign
0,9,180solutions,Reconyc
10,2,Refroso,Benign
4,2,Conti,Benign
3,10,CWS,Refroso
1,10,Ako,Refroso
9,2,Reconyc,Benign
10,2,Refroso,Benign
11,2,Scar,Benign
3,2,CWS,Benign
15,2,Zeus,Benign
7,2,Maze,Benign
0,2,180solutions,Benign
10,2,Refroso,Benign
7,2,Maze,Benign
14,2,Transponder,Benign
12,2,Shade,Benign
10,9,Refroso,Reconyc
14,5,Transponder,Emotet
14,2,Transponder,Benign
8,10,Pysa,Refroso
7,2,Maze,Benign
7,2,Maze,Benign
7,2,Maze,Benign
14,2,Transponder,Benign
0,2,180solutions,Benign
0,2,180solutions,Benign
6,2,Gator,Benign
0,2,180solutions,Benign
1,2,Ako,Benign
1,2,Ako,Benign
3,2,CWS,Benign
15,2,Zeus,Benign
15,2,Zeus,Benign
11,2,Scar,Benign
13,9,TIBS,Reconyc
1,2,Ako,Benign
14,2,Transponder,Benign
12,2,Shade,Benign
7,2,Maze,Benign
6,2,Gator,Benign
15,2,Zeus,Benign
8,15,Pysa,Zeus
4,2,Conti,Benign
7,2,Maze,Benign
5,2,Emotet,Benign
6,2,Gator,Benign
7,2,Maze,Benign
4,2,Conti,Benign
0,2,180solutions,Benign
0,2,180solutions,Benign
8,3,Pysa,CWS
11,2,Scar,Benign
7,10,Maze,Refroso
14,2,Transponder,Benign
10,2,Refroso,Benign
13,11,TIBS,Scar
6,2,Gator,Benign
15,2,Zeus,Benign
11,2,Scar,Benign
9,2,Reconyc,Benign
4,2,Conti,Benign
4,2,Conti,Benign
1,10,Ako,Refroso
3,10,CWS,Refroso
8,3,Pysa,CWS
14,2,Transponder,Benign
12,2,Shade,Benign
14,2,Transponder,Benign
5,2,Emotet,Benign
9,9,Reconyc,Reconyc
10,2,Refroso,Benign
1,2,Ako,Benign
0,2,180solutions,Benign
12,2,Shade,Benign
11,2,Scar,Benign
9,2,Reconyc,Benign
5,2,Emotet,Benign
15,2,Zeus,Benign
1,2,Ako,Benign
12,2,Shade,Benign
9,2,Reconyc,Benign
4,2,Conti,Benign
3,2,CWS,Benign
6,2,Gator,Benign
14,2,Transponder,Benign
10,2,Refroso,Benign
1,10,Ako,Refroso
7,2,Maze,Benign
4,2,Conti,Benign
0,2,180solutions,Benign
10,2,Refroso,Benign
10,2,Refroso,Benign
15,0,Zeus,180solutions
0,14,180solutions,Transponder
1,10,Ako,Refroso
11,2,Scar,Benign
0,2,180solutions,Benign
1,9,Ako,Reconyc
9,2,Reconyc,Benign
14,10,Transponder,Refroso
12,2,Shade,Benign
4,2,Conti,Benign
5,2,Emotet,Benign
9,2,Reconyc,Benign
7,10,Maze,Refroso
6,2,Gator,Benign
10,2,Refroso,Benign
11,2,Scar,Benign
5,2,Emotet,Benign
9,2,Reconyc,Benign
3,10,CWS,Refroso
7,2,Maze,Benign
10,2,Refroso,Benign
3,2,CWS,Benign
14,2,Transponder,Benign
7,2,Maze,Benign
14,2,Transponder,Benign
11,2,Scar,Benign
6,2,Gator,Benign
8,2,Pysa,Benign
9,2,Reconyc,Benign
9,2,Reconyc,Benign
6,2,Gator,Benign
10,2,Refroso,Benign
0,2,180solutions,Benign
7,2,Maze,Benign
11,2,Scar,Benign
8,2,Pysa,Benign
10,2,Refroso,Benign
5,2,Emotet,Benign
4,2,Conti,Benign
14,10,Transponder,Refroso
11,2,Scar,Benign
8,2,Pysa,Benign
7,2,Maze,Benign
15,2,Zeus,Benign
14,10,Transponder,Refroso
4,2,Conti,Benign
14,10,Transponder,Refroso
12,2,Shade,Benign
6,2,Gator,Benign
5,9,Emotet,Reconyc
5,2,Emotet,Benign
7,2,Maze,Benign
15,2,Zeus,Benign
11,2,Scar,Benign
9,9,Reconyc,Reconyc
1,2,Ako,Benign
3,2,CWS,Benign
14,10,Transponder,Refroso
8,2,Pysa,Benign
14,2,Transponder,Benign
6,2,Gator,Benign
10,9,Refroso,Reconyc
3,10,CWS,Refroso
14,2,Transponder,Benign
6,2,Gator,Benign
8,2,Pysa,Benign
10,2,Refroso,Benign
5,2,Emotet,Benign
7,2,Maze,Benign
13,11,TIBS,Scar
12,2,Shade,Benign
10,2,Refroso,Benign
14,2,Transponder,Benign
4,2,Conti,Benign
7,2,Maze,Benign
0,2,180solutions,Benign
5,2,Emotet,Benign
13,2,TIBS,Benign
11,2,Scar,Benign
14,2,Transponder,Benign
5,2,Emotet,Benign
7,10,Maze,Refroso
8,2,Pysa,Benign
9,2,Reconyc,Benign
6,2,Gator,Benign
12,2,Shade,Benign
10,2,Refroso,Benign
3,2,CWS,Benign
4,2,Conti,Benign
12,2,Shade,Benign
1,2,Ako,Benign
9,2,Reconyc,Benign
6,2,Gator,Benign
8,2,Pysa,Benign
12,2,Shade,Benign
10,2,Refroso,Benign
7,2,Maze,Benign
0,2,180solutions,Benign
4,2,Conti,Benign
13,2,TIBS,Benign
14,9,Transponder,Reconyc
4,2,Conti,Benign
0,2,180solutions,Benign
4,2,Conti,Benign
7,2,Maze,Benign
6,2,Gator,Benign
8,2,Pysa,Benign
0,2,180solutions,Benign
6,2,Gator,Benign
1,2,Ako,Benign
8,2,Pysa,Benign
10,2,Refroso,Benign
4,2,Conti,Benign
12,2,Shade,Benign
5,2,Emotet,Benign
1,10,Ako,Refroso
5,2,Emotet,Benign
14,9,Transponder,Reconyc
10,2,Refroso,Benign
15,2,Zeus,Benign
12,2,Shade,Benign
7,2,Maze,Benign
5,2,Emotet,Benign
11,2,Scar,Benign
6,2,Gator,Benign
1,2,Ako,Benign
6,2,Gator,Benign
1,10,Ako,Refroso
1,2,Ako,Benign
14,10,Transponder,Refroso
14,2,Transponder,Benign
13,2,TIBS,Benign
10,2,Refroso,Benign
10,2,Refroso,Benign
4,2,Conti,Benign
6,2,Gator,Benign
6,2,Gator,Benign
10,2,Refroso,Benign
14,10,Transponder,Refroso
7,2,Maze,Benign
10,2,Refroso,Benign
0,2,180solutions,Benign
5,2,Emotet,Benign
6,2,Gator,Benign
10,2,Refroso,Benign
10,2,Refroso,Benign
4,2,Conti,Benign
0,2,180solutions,Benign
13,2,TIBS,Benign
13,11,TIBS,Scar
9,2,Reconyc,Benign
4,2,Conti,Benign
11,2,Scar,Benign
14,10,Transponder,Refroso
0,2,180solutions,Benign
3,10,CWS,Refroso
0,10,180solutions,Refroso
3,2,CWS,Benign
6,2,Gator,Benign
12,2,Shade,Benign
15,2,Zeus,Benign
5,2,Emotet,Benign
4,2,Conti,Benign
10,2,Refroso,Benign
4,2,Conti,Benign
4,2,Conti,Benign
1,2,Ako,Benign
1,2,Ako,Benign
3,2,CWS,Benign
5,2,Emotet,Benign
13,8,TIBS,Pysa
14,10,Transponder,Refroso
11,2,Scar,Benign
13,2,TIBS,Benign
6,2,Gator,Benign
9,2,Reconyc,Benign
5,2,Emotet,Benign
1,2,Ako,Benign
10,2,Refroso,Benign
3,8,CWS,Pysa
1,3,Ako,CWS
11,2,Scar,Benign
13,11,TIBS,Scar
9,2,Reconyc,Benign
1,2,Ako,Benign
5,2,Emotet,Benign
8,2,Pysa,Benign
7,2,Maze,Benign
14,2,Transponder,Benign
6,2,Gator,Benign
3,2,CWS,Benign
4,2,Conti,Benign
1,2,Ako,Benign
11,2,Scar,Benign
7,2,Maze,Benign
3,2,CWS,Benign
7,2,Maze,Benign
9,2,Reconyc,Benign
14,2,Transponder,Benign
1,9,Ako,Reconyc
4,2,Conti,Benign
10,2,Refroso,Benign
15,10,Zeus,Refroso
1,10,Ako,Refroso
10,2,Refroso,Benign
12,2,Shade,Benign
0,9,180solutions,Reconyc
15,2,Zeus,Benign
3,2,CWS,Benign
6,2,Gator,Benign
7,2,Maze,Benign
13,2,TIBS,Benign
14,2,Transponder,Benign
7,2,Maze,Benign
13,11,TIBS,Scar
6,2,Gator,Benign
4,2,Conti,Benign
4,2,Conti,Benign
4,2,Conti,Benign
6,2,Gator,Benign
8,2,Pysa,Benign
14,2,Transponder,Benign
3,2,CWS,Benign
14,15,Transponder,Zeus
12,2,Shade,Benign
1,2,Ako,Benign
8,3,Pysa,CWS
5,2,Emotet,Benign
12,2,Shade,Benign
1,2,Ako,Benign
14,10,Transponder,Refroso
1,2,Ako,Benign
14,2,Transponder,Benign
12,2,Shade,Benign
5,2,Emotet,Benign
13,2,TIBS,Benign
15,2,Zeus,Benign
8,2,Pysa,Benign
15,2,Zeus,Benign
4,2,Conti,Benign
1,2,Ako,Benign
12,9,Shade,Reconyc
1,2,Ako,Benign
10,2,Refroso,Benign
0,2,180solutions,Benign
8,10,Pysa,Refroso
14,10,Transponder,Refroso
11,2,Scar,Benign
13,2,TIBS,Benign
5,2,Emotet,Benign
11,2,Scar,Benign
3,2,CWS,Benign
9,2,Reconyc,Benign
13,11,TIBS,Scar
10,2,Refroso,Benign
7,2,Maze,Benign
12,2,Shade,Benign
14,2,Transponder,Benign
10,2,Refroso,Benign
12,2,Shade,Benign
3,2,CWS,Benign
4,2,Conti,Benign
3,2,CWS,Benign
9,2,Reconyc,Benign
9,2,Reconyc,Benign
9,2,Reconyc,Benign
9,2,Reconyc,Benign
11,2,Scar,Benign
12,9,Shade,Reconyc
13,11,TIBS,Scar
12,2,Shade,Benign
4,2,Conti,Benign
14,2,Transponder,Benign
11,2,Scar,Benign
12,2,Shade,Benign
8,2,Pysa,Benign
14,2,Transponder,Benign
12,2,Shade,Benign
14,2,Transponder,Benign
4,2,Conti,Benign
12,2,Shade,Benign
11,2,Scar,Benign
10,9,Refroso,Reconyc
12,2,Shade,Benign
10,2,Refroso,Benign
7,2,Maze,Benign
3,10,CWS,Refroso
6,2,Gator,Benign
14,10,Transponder,Refroso
1,2,Ako,Benign
4,2,Conti,Benign
5,2,Emotet,Benign
7,2,Maze,Benign
5,2,Emotet,Benign
8,2,Pysa,Benign
15,15,Zeus,Zeus
5,2,Emotet,Benign
13,2,TIBS,Benign
9,2,Reconyc,Benign
12,2,Shade,Benign
1,2,Ako,Benign
12,2,Shade,Benign
1,2,Ako,Benign
10,2,Refroso,Benign
1,2,Ako,Benign
7,11,Maze,Scar
5,2,Emotet,Benign
5,2,Emotet,Benign
15,2,Zeus,Benign
12,2,Shade,Benign
6,2,Gator,Benign
5,2,Emotet,Benign
12,2,Shade,Benign
12,2,Shade,Benign
3,2,CWS,Benign
0,2,180solutions,Benign
10,2,Refroso,Benign
12,2,Shade,Benign
11,2,Scar,Benign
12,2,Shade,Benign
0,9,180solutions,Reconyc
8,2,Pysa,Benign
9,2,Reconyc,Benign
4,2,Conti,Benign
9,2,Reconyc,Benign
14,10,Transponder,Refroso
5,2,Emotet,Benign
1,2,Ako,Benign
12,2,Shade,Benign
13,9,TIBS,Reconyc
10,2,Refroso,Benign
5,2,Emotet,Benign
10,2,Refroso,Benign
4,2,Conti,Benign
10,2,Refroso,Benign
5,2,Emotet,Benign
1,2,Ako,Benign
8,2,Pysa,Benign
6,2,Gator,Benign
1,2,Ako,Benign
14,2,Transponder,Benign
11,2,Scar,Benign
9,2,Reconyc,Benign
10,2,Refroso,Benign
3,10,CWS,Refroso
9,2,Reconyc,Benign
7,2,Maze,Benign
5,2,Emotet,Benign
0,2,180solutions,Benign
3,2,CWS,Benign
9,2,Reconyc,Benign
11,2,Scar,Benign
12,2,Shade,Benign
1,2,Ako,Benign
12,2,Shade,Benign
12,2,Shade,Benign
5,2,Emotet,Benign
0,2,180solutions,Benign
10,2,Refroso,Benign
12,9,Shade,Reconyc
0,2,180solutions,Benign
7,11,Maze,Scar
6,2,Gator,Benign
0,2,180solutions,Benign
15,2,Zeus,Benign
7,2,Maze,Benign
11,2,Scar,Benign
15,2,Zeus,Benign
7,2,Maze,Benign
6,9,Gator,Reconyc
3,2,CWS,Benign
5,2,Emotet,Benign
15,2,Zeus,Benign
15,2,Zeus,Benign
11,2,Scar,Benign
5,2,Emotet,Benign
11,2,Scar,Benign
7,2,Maze,Benign
1,2,Ako,Benign
6,2,Gator,Benign
7,2,Maze,Benign
0,2,180solutions,Benign
10,2,Refroso,Benign
10,2,Refroso,Benign
15,2,Zeus,Benign
13,11,TIBS,Scar
14,2,Transponder,Benign
12,2,Shade,Benign
12,2,Shade,Benign
9,2,Reconyc,Benign
7,2,Maze,Benign
7,2,Maze,Benign
5,2,Emotet,Benign
3,10,CWS,Refroso
15,2,Zeus,Benign
15,2,Zeus,Benign
15,2,Zeus,Benign
12,2,Shade,Benign
11,2,Scar,Benign
0,2,180solutions,Benign
9,2,Reconyc,Benign
15,2,Zeus,Benign
7,2,Maze,Benign
5,2,Emotet,Benign
4,2,Conti,Benign
12,2,Shade,Benign
9,2,Reconyc,Benign
5,9,Emotet,Reconyc
11,2,Scar,Benign
1,2,Ako,Benign
15,2,Zeus,Benign
8,2,Pysa,Benign
14,10,Transponder,Refroso
4,2,Conti,Benign
10,2,Refroso,Benign
11,2,Scar,Benign
11,2,Scar,Benign
1,2,Ako,Benign
1,2,Ako,Benign
7,2,Maze,Benign
14,2,Transponder,Benign
14,10,Transponder,Refroso
13,2,TIBS,Benign
0,2,180solutions,Benign
14,2,Transponder,Benign
0,2,180solutions,Benign
14,2,Transponder,Benign
7,2,Maze,Benign
5,2,Emotet,Benign
7,2,Maze,Benign
7,2,Maze,Benign
11,2,Scar,Benign
15,2,Zeus,Benign
10,2,Refroso,Benign
6,2,Gator,Benign
12,2,Shade,Benign
11,2,Scar,Benign
15,2,Zeus,Benign
8,2,Pysa,Benign
5,2,Emotet,Benign
3,2,CWS,Benign
10,2,Refroso,Benign
6,2,Gator,Benign
11,2,Scar,Benign
3,2,CWS,Benign
0,2,180solutions,Benign
7,2,Maze,Benign
6,2,Gator,Benign
4,2,Conti,Benign
11,2,Scar,Benign
11,2,Scar,Benign
12,2,Shade,Benign
1,2,Ako,Benign
15,2,Zeus,Benign
0,2,180solutions,Benign
6,9,Gator,Reconyc
4,2,Conti,Benign
13,2,TIBS,Benign
4,2,Conti,Benign
11,2,Scar,Benign
0,2,180solutions,Benign
3,2,CWS,Benign
12,2,Shade,Benign
14,2,Transponder,Benign
5,2,Emotet,Benign
10,2,Refroso,Benign
1,2,Ako,Benign
6,2,Gator,Benign
4,2,Conti,Benign
12,2,Shade,Benign
10,2,Refroso,Benign
8,2,Pysa,Benign
8,2,Pysa,Benign
3,2,CWS,Benign
6,2,Gator,Benign
3,2,CWS,Benign
4,2,Conti,Benign
6,2,Gator,Benign
14,2,Transponder,Benign
14,9,Transponder,Reconyc
10,2,Refroso,Benign
15,2,Zeus,Benign
6,2,Gator,Benign
3,2,CWS,Benign
8,9,Pysa,Reconyc
12,2,Shade,Benign
6,2,Gator,Benign
10,2,Refroso,Benign
4,2,Conti,Benign
6,2,Gator,Benign
6,2,Gator,Benign
10,2,Refroso,Benign
14,2,Transponder,Benign
0,2,180solutions,Benign
14,10,Transponder,Refroso
3,2,CWS,Benign
4,2,Conti,Benign
4,2,Conti,Benign
6,2,Gator,Benign
6,2,Gator,Benign
15,0,Zeus,180solutions
3,2,CWS,Benign
12,2,Shade,Benign
14,2,Transponder,Benign
9,2,Reconyc,Benign
11,2,Scar,Benign
4,2,Conti,Benign
3,10,CWS,Refroso
4,2,Conti,Benign
1,10,Ako,Refroso
5,2,Emotet,Benign
13,2,TIBS,Benign
15,2,Zeus,Benign
9,2,Reconyc,Benign
14,10,Transponder,Refroso
3,2,CWS,Benign
14,9,Transponder,Reconyc
15,2,Zeus,Benign
10,2,Refroso,Benign
4,2,Conti,Benign
11,2,Scar,Benign
14,2,Transponder,Benign
3,10,CWS,Refroso
0,2,180solutions,Benign
14,2,Transponder,Benign
11,2,Scar,Benign
13,2,TIBS,Benign
0,2,180solutions,Benign
15,2,Zeus,Benign
0,2,180solutions,Benign
11,2,Scar,Benign
14,9,Transponder,Reconyc
0,2,180solutions,Benign
4,2,Conti,Benign
4,2,Conti,Benign
13,2,TIBS,Benign
12,2,Shade,Benign
0,2,180solutions,Benign
14,2,Transponder,Benign
6,2,Gator,Benign
6,2,Gator,Benign
8,2,Pysa,Benign
15,2,Zeus,Benign
10,2,Refroso,Benign
3,2,CWS,Benign
4,2,Conti,Benign
6,2,Gator,Benign
3,10,CWS,Refroso
12,2,Shade,Benign
1,2,Ako,Benign
4,3,Conti,CWS
6,9,Gator,Reconyc
13,2,TIBS,Benign
10,2,Refroso,Benign
14,2,Transponder,Benign
6,2,Gator,Benign
4,2,Conti,Benign
14,5,Transponder,Emotet
8,2,Pysa,Benign
9,2,Reconyc,Benign
8,2,Pysa,Benign
1,2,Ako,Benign
0,2,180solutions,Benign
14,2,Transponder,Benign
7,2,Maze,Benign
9,2,Reconyc,Benign
8,2,Pysa,Benign
11,2,Scar,Benign
0,2,180solutions,Benign
11,2,Scar,Benign
11,5,Scar,Emotet
4,2,Conti,Benign
9,2,Reconyc,Benign
13,2,TIBS,Benign
10,2,Refroso,Benign
7,10,Maze,Refroso
9,2,Reconyc,Benign
13,2,TIBS,Benign
1,2,Ako,Benign
15,2,Zeus,Benign
1,2,Ako,Benign
12,2,Shade,Benign
3,2,CWS,Benign
14,2,Transponder,Benign
0,2,180solutions,Benign
6,2,Gator,Benign
1,2,Ako,Benign
4,2,Conti,Benign
12,2,Shade,Benign
7,2,Maze,Benign
0,2,180solutions,Benign
13,10,TIBS,Refroso
0,2,180solutions,Benign
13,11,TIBS,Scar
13,11,TIBS,Scar
1,2,Ako,Benign
0,2,180solutions,Benign
10,2,Refroso,Benign
7,2,Maze,Benign
12,2,Shade,Benign
7,2,Maze,Benign
3,2,CWS,Benign
1,2,Ako,Benign
1,2,Ako,Benign
3,10,CWS,Refroso
4,2,Conti,Benign
12,2,Shade,Benign
7,2,Maze,Benign
0,2,180solutions,Benign
4,2,Conti,Benign
5,2,Emotet,Benign
13,11,TIBS,Scar
0,2,180solutions,Benign
8,2,Pysa,Benign
3,2,CWS,Benign
10,2,Refroso,Benign
1,2,Ako,Benign
6,2,Gator,Benign
10,2,Refroso,Benign
4,9,Conti,Reconyc
12,2,Shade,Benign
11,2,Scar,Benign
15,2,Zeus,Benign
15,2,Zeus,Benign
9,2,Reconyc,Benign
14,2,Transponder,Benign
12,2,Shade,Benign
11,2,Scar,Benign
3,2,CWS,Benign
11,2,Scar,Benign
1,2,Ako,Benign
6,2,Gator,Benign
0,2,180solutions,Benign
8,2,Pysa,Benign
12,2,Shade,Benign
7,2,Maze,Benign
7,2,Maze,Benign
14,10,Transponder,Refroso
12,2,Shade,Benign
4,3,Conti,CWS
8,2,Pysa,Benign
1,2,Ako,Benign
5,9,Emotet,Reconyc
13,2,TIBS,Benign
14,2,Transponder,Benign
10,2,Refroso,Benign
10,2,Refroso,Benign
8,2,Pysa,Benign
14,10,Transponder,Refroso
4,2,Conti,Benign
11,2,Scar,Benign
12,2,Shade,Benign
1,2,Ako,Benign
14,2,Transponder,Benign
1,2,Ako,Benign
13,11,TIBS,Scar
14,2,Transponder,Benign
10,2,Refroso,Benign
3,2,CWS,Benign
3,2,CWS,Benign
10,2,Refroso,Benign
10,2,Refroso,Benign
11,2,Scar,Benign
10,2,Refroso,Benign
14,2,Transponder,Benign
10,2,Refroso,Benign
11,2,Scar,Benign
8,2,Pysa,Benign
7,2,Maze,Benign
0,9,180solutions,Reconyc
6,2,Gator,Benign
7,2,Maze,Benign
3,10,CWS,Refroso
10,2,Refroso,Benign
7,5,Maze,Emotet
9,2,Reconyc,Benign
6,2,Gator,Benign
0,2,180solutions,Benign
15,2,Zeus,Benign
13,2,TIBS,Benign
8,2,Pysa,Benign
1,2,Ako,Benign
7,2,Maze,Benign
3,2,CWS,Benign
14,2,Transponder,Benign
11,2,Scar,Benign
15,2,Zeus,Benign
6,2,Gator,Benign
14,10,Transponder,Refroso
6,2,Gator,Benign
1,2,Ako,Benign
1,2,Ako,Benign
7,2,Maze,Benign
6,2,Gator,Benign
11,2,Scar,Benign
0,2,180solutions,Benign
13,2,TIBS,Benign
0,9,180solutions,Reconyc
14,2,Transponder,Benign
9,2,Reconyc,Benign
9,2,Reconyc,Benign
9,2,Reconyc,Benign
1,2,Ako,Benign
10,2,Refroso,Benign
0,2,180solutions,Benign
3,2,CWS,Benign
1,2,Ako,Benign
14,2,Transponder,Benign
1,2,Ako,Benign
14,2,Transponder,Benign
8,2,Pysa,Benign
6,2,Gator,Benign
13,2,TIBS,Benign
1,2,Ako,Benign
13,9,TIBS,Reconyc
11,2,Scar,Benign
8,2,Pysa,Benign
10,2,Refroso,Benign
4,2,Conti,Benign
13,11,TIBS,Scar
10,2,Refroso,Benign
13,11,TIBS,Scar
7,9,Maze,Reconyc
4,2,Conti,Benign
0,2,180solutions,Benign
14,2,Transponder,Benign
10,2,Refroso,Benign
12,2,Shade,Benign
13,2,TIBS,Benign
3,2,CWS,Benign
10,2,Refroso,Benign
6,2,Gator,Benign
1,2,Ako,Benign
8,2,Pysa,Benign
0,2,180solutions,Benign
11,2,Scar,Benign
7,2,Maze,Benign
0,2,180solutions,Benign
1,2,Ako,Benign
15,2,Zeus,Benign
0,2,180solutions,Benign
10,2,Refroso,Benign
13,11,TIBS,Scar
15,2,Zeus,Benign
5,2,Emotet,Benign
7,2,Maze,Benign
7,10,Maze,Refroso
1,2,Ako,Benign
14,2,Transponder,Benign
3,2,CWS,Benign
4,2,Conti,Benign
14,10,Transponder,Refroso
4,2,Conti,Benign
14,2,Transponder,Benign
11,2,Scar,Benign
14,9,Transponder,Reconyc
0,2,180solutions,Benign
9,9,Reconyc,Reconyc
11,2,Scar,Benign
3,2,CWS,Benign
14,2,Transponder,Benign
4,2,Conti,Benign
10,2,Refroso,Benign
3,2,CWS,Benign
4,2,Conti,Benign
14,2,Transponder,Benign
5,2,Emotet,Benign
7,2,Maze,Benign
10,2,Refroso,Benign
13,2,TIBS,Benign
14,2,Transponder,Benign
6,2,Gator,Benign
3,10,CWS,Refroso
15,2,Zeus,Benign
11,2,Scar,Benign
1,10,Ako,Refroso
8,2,Pysa,Benign
0,2,180solutions,Benign
6,2,Gator,Benign
11,2,Scar,Benign
8,2,Pysa,Benign
5,2,Emotet,Benign
6,2,Gator,Benign
7,2,Maze,Benign
5,2,Emotet,Benign
11,2,Scar,Benign
6,2,Gator,Benign
3,2,CWS,Benign
15,2,Zeus,Benign
5,2,Emotet,Benign
14,2,Transponder,Benign
4,2,Conti,Benign
10,2,Refroso,Benign
4,2,Conti,Benign
12,2,Shade,Benign
14,2,Transponder,Benign
11,2,Scar,Benign
12,2,Shade,Benign
12,2,Shade,Benign
14,10,Transponder,Refroso
9,2,Reconyc,Benign
4,2,Conti,Benign
3,2,CWS,Benign
15,2,Zeus,Benign
6,2,Gator,Benign
15,2,Zeus,Benign
12,2,Shade,Benign
12,2,Shade,Benign
9,2,Reconyc,Benign
13,2,TIBS,Benign
15,2,Zeus,Benign
15,2,Zeus,Benign
10,2,Refroso,Benign
12,2,Shade,Benign
15,2,Zeus,Benign
6,2,Gator,Benign
7,2,Maze,Benign
11,2,Scar,Benign
15,2,Zeus,Benign
13,2,TIBS,Benign
14,2,Transponder,Benign
6,2,Gator,Benign
5,2,Emotet,Benign
12,2,Shade,Benign
7,2,Maze,Benign
1,9,Ako,Reconyc
3,10,CWS,Refroso
15,2,Zeus,Benign
14,2,Transponder,Benign
11,2,Scar,Benign
11,2,Scar,Benign
9,2,Reconyc,Benign
14,2,Transponder,Benign
15,2,Zeus,Benign
6,2,Gator,Benign
13,2,TIBS,Benign
7,2,Maze,Benign
12,2,Shade,Benign
14,2,Transponder,Benign
9,2,Reconyc,Benign
5,2,Emotet,Benign
10,2,Refroso,Benign
12,2,Shade,Benign
6,2,Gator,Benign
0,2,180solutions,Benign
5,2,Emotet,Benign
3,10,CWS,Refroso
0,2,180solutions,Benign
10,2,Refroso,Benign
13,2,TIBS,Benign
8,3,Pysa,CWS
0,2,180solutions,Benign
10,2,Refroso,Benign
13,9,TIBS,Reconyc
0,2,180solutions,Benign
14,2,Transponder,Benign
15,10,Zeus,Refroso
13,2,TIBS,Benign
0,2,180solutions,Benign
12,9,Shade,Reconyc
11,2,Scar,Benign
1,2,Ako,Benign
11,2,Scar,Benign
8,2,Pysa,Benign
5,2,Emotet,Benign
9,2,Reconyc,Benign
12,2,Shade,Benign
9,2,Reconyc,Benign
6,2,Gator,Benign
13,10,TIBS,Refroso
6,2,Gator,Benign
1,10,Ako,Refroso
6,2,Gator,Benign
1,10,Ako,Refroso
6,2,Gator,Benign
14,2,Transponder,Benign
14,2,Transponder,Benign
0,2,180solutions,Benign
12,2,Shade,Benign
14,10,Transponder,Refroso
13,2,TIBS,Benign
12,2,Shade,Benign
10,2,Refroso,Benign
6,2,Gator,Benign
14,2,Transponder,Benign
12,2,Shade,Benign
12,2,Shade,Benign
1,2,Ako,Benign
14,9,Transponder,Reconyc
1,10,Ako,Refroso
8,5,Pysa,Emotet
7,2,Maze,Benign
12,2,Shade,Benign
11,2,Scar,Benign
3,10,CWS,Refroso
0,2,180solutions,Benign
6,2,Gator,Benign
1,10,Ako,Refroso
0,2,180solutions,Benign
14,2,Transponder,Benign
1,2,Ako,Benign
5,2,Emotet,Benign
13,2,TIBS,Benign
13,2,TIBS,Benign
8,2,Pysa,Benign
14,2,Transponder,Benign
15,2,Zeus,Benign
9,2,Reconyc,Benign
14,2,Transponder,Benign
15,2,Zeus,Benign
13,2,TIBS,Benign
10,2,Refroso,Benign
15,2,Zeus,Benign
1,2,Ako,Benign
12,2,Shade,Benign
4,2,Conti,Benign
10,2,Refroso,Benign
14,10,Transponder,Refroso
9,2,Reconyc,Benign
6,2,Gator,Benign
11,9,Scar,Reconyc
1,2,Ako,Benign
14,2,Transponder,Benign
7,2,Maze,Benign
4,9,Conti,Reconyc
6,2,Gator,Benign
14,2,Transponder,Benign
10,2,Refroso,Benign
3,2,CWS,Benign
8,2,Pysa,Benign
11,2,Scar,Benign
15,2,Zeus,Benign
8,2,Pysa,Benign
14,2,Transponder,Benign
10,2,Refroso,Benign
7,2,Maze,Benign
11,2,Scar,Benign
4,2,Conti,Benign
3,5,CWS,Emotet
11,2,Scar,Benign
6,2,Gator,Benign
4,2,Conti,Benign
14,2,Transponder,Benign
15,2,Zeus,Benign
7,2,Maze,Benign
5,2,Emotet,Benign
5,2,Emotet,Benign
11,2,Scar,Benign
9,2,Reconyc,Benign
4,2,Conti,Benign
12,2,Shade,Benign
13,2,TIBS,Benign
10,2,Refroso,Benign
14,10,Transponder,Refroso
1,2,Ako,Benign
7,2,Maze,Benign
12,2,Shade,Benign
12,2,Shade,Benign
8,10,Pysa,Refroso
11,8,Scar,Pysa
1,2,Ako,Benign
0,2,180solutions,Benign
3,10,CWS,Refroso
12,2,Shade,Benign
11,2,Scar,Benign
11,2,Scar,Benign
15,2,Zeus,Benign
14,3,Transponder,CWS
1,2,Ako,Benign
13,2,TIBS,Benign
5,2,Emotet,Benign
1,2,Ako,Benign
9,2,Reconyc,Benign
15,2,Zeus,Benign
0,2,180solutions,Benign
1,2,Ako,Benign
11,2,Scar,Benign
5,2,Emotet,Benign
4,2,Conti,Benign
15,2,Zeus,Benign
3,5,CWS,Emotet
1,2,Ako,Benign
15,2,Zeus,Benign
5,2,Emotet,Benign
7,2,Maze,Benign
7,2,Maze,Benign
9,2,Reconyc,Benign
5,2,Emotet,Benign
10,2,Refroso,Benign
8,3,Pysa,CWS
8,2,Pysa,Benign
0,2,180solutions,Benign
12,9,Shade,Reconyc
9,2,Reconyc,Benign
8,2,Pysa,Benign
8,2,Pysa,Benign
11,2,Scar,Benign
1,9,Ako,Reconyc
1,10,Ako,Refroso
1,2,Ako,Benign
15,0,Zeus,180solutions
4,2,Conti,Benign
14,2,Transponder,Benign
4,2,Conti,Benign
12,2,Shade,Benign
8,2,Pysa,Benign
5,2,Emotet,Benign
0,2,180solutions,Benign
1,2,Ako,Benign
5,2,Emotet,Benign
4,2,Conti,Benign
8,2,Pysa,Benign
13,2,TIBS,Benign
4,2,Conti,Benign
0,2,180solutions,Benign
14,10,Transponder,Refroso
14,2,Transponder,Benign
14,2,Transponder,Benign
5,2,Emotet,Benign
3,2,CWS,Benign
8,2,Pysa,Benign
0,11,180solutions,Scar
1,10,Ako,Refroso
14,2,Transponder,Benign
13,2,TIBS,Benign
4,2,Conti,Benign
3,14,CWS,Transponder
13,2,TIBS,Benign
10,2,Refroso,Benign
12,2,Shade,Benign
13,11,TIBS,Scar
15,0,Zeus,180solutions
10,2,Refroso,Benign
15,2,Zeus,Benign
1,10,Ako,Refroso
1,2,Ako,Benign
8,9,Pysa,Reconyc
1,2,Ako,Benign
0,2,180solutions,Benign
11,2,Scar,Benign
10,2,Refroso,Benign
9,2,Reconyc,Benign
15,2,Zeus,Benign
1,10,Ako,Refroso
6,2,Gator,Benign
5,2,Emotet,Benign
14,2,Transponder,Benign
0,2,180solutions,Benign
13,2,TIBS,Benign
0,2,180solutions,Benign
8,2,Pysa,Benign
8,2,Pysa,Benign
9,2,Reconyc,Benign
0,2,180solutions,Benign
10,2,Refroso,Benign
8,2,Pysa,Benign
0,2,180solutions,Benign
14,2,Transponder,Benign
4,2,Conti,Benign
14,10,Transponder,Refroso
13,2,TIBS,Benign
1,2,Ako,Benign
6,2,Gator,Benign
6,2,Gator,Benign
0,2,180solutions,Benign
10,2,Refroso,Benign
12,2,Shade,Benign
13,11,TIBS,Scar
0,2,180solutions,Benign
4,2,Conti,Benign
8,2,Pysa,Benign
0,2,180solutions,Benign
7,2,Maze,Benign
0,2,180solutions,Benign
10,2,Refroso,Benign
6,2,Gator,Benign
9,2,Reconyc,Benign
12,2,Shade,Benign
3,10,CWS,Refroso
3,2,CWS,Benign
8,10,Pysa,Refroso
14,10,Transponder,Refroso
10,2,Refroso,Benign
10,2,Refroso,Benign
15,2,Zeus,Benign
0,2,180solutions,Benign
13,2,TIBS,Benign
14,2,Transponder,Benign
12,2,Shade,Benign
1,2,Ako,Benign
5,2,Emotet,Benign
8,2,Pysa,Benign
11,2,Scar,Benign
12,2,Shade,Benign
10,2,Refroso,Benign
10,2,Refroso,Benign
13,11,TIBS,Scar
11,2,Scar,Benign
12,2,Shade,Benign
8,2,Pysa,Benign
8,10,Pysa,Refroso
1,10,Ako,Refroso
13,2,TIBS,Benign
15,2,Zeus,Benign
1,10,Ako,Refroso
